Num de referencia,Quantity,Alto,Ancho,Fondo,Peso
YG0623,1,51,51,3,1
AA1647,1,61,61,4,1
IT0435S83,1,3,31,41,2
IT0474M83,1,164,64,4,11
IT0475M83,1,191,91,4,20
KLL4075,1,16,76,41,1
AA2049R05,1,189,46,103,14
AA2278TP81,1,51,31,16,1
LH0425N01,1,51,21,17,2
AA2389R19,1,31,36,14,1
AA2467K27,1,24,14,14,1
AA1250R24,1,155,41,41,8
EA345M01,1,83,63,3,5
AA1191K14,1,41,13,13,2
EA326ADUKFN39,1,43,36,16,3
S804_CAB160_SN24,1,107,167,6,12
AA0546K05,1,27,13,13,1
AA0549K05,1,30,15,15,2
AA0611,1,91,61,4,1
AA0612,1,81,81,4,1
AA2468K20,1,29,15,15,1
AA0630ADUKJ05,1,171,87,41,5
D093VA81,1,37,91,191,26
D097VA81,1,37,181,201,49
D211,1,11,46,81,2
AA2474K17,1,8,25,25,1
LH0523C27,1,11,17,17,2
AA4022R06,1,44,32,32,2
AA4124C35,1,19,25,25,2
S480JU03,1,81,66,76,14
AA4909,1,71,51,5,3
AA3934Y20,1,3,13,13,1
MTM0109,1,41,61,12,3
AA2671M41,1,12,9,9,1
AA2717,1,71,51,4,3
AA2818C26,1,24,13,13,1
AA2833C26,1,30,17,17,2
AA2835C07,1,14,18,18,1
AA2890PR01,1,5,24,14,1
LH0861FN46,1,57,19,14,1
S584BB80,1,33,32,85,3
AA3713PR35,1,3,18,42,2
MTM0006,1,114,201,101,55
AA3811R23,1,6,17,17,1
MTM0010,1,96,151,51,15
MTM0031,1,31,121,111,18
S808_10_SO12,1,74,73,83,15
A806ADUKR05,1,167,75,29,4
YG0145R01,1,29,61,11,1
A487ADUKR05,1,55,48,16,1
AA0243M05,1,99,29,5,3
AB0487FN46,1,67,81,30,5
C502M46,1,34,111,71,40
AA0265R54,1,55,45,3,1
AB0488FN46,1,45,16,36,2
YG0063M26,1,26,37,37,7
AB0392R03,1,21,32,32,2
AB0427K25,1,9,11,11,1
YG0163R01,1,161,101,4,20
A436C26,1,37,22,22,2
AB0237R05,1,151,11,121,2
A482ADUKJ05,1,187,83,41,6
YG0259PR04,1,77,201,91,53
A491ADUKJ05,1,43,21,16,1
AB0241R83,1,161,16,151,1
AA1159M43,2,99,81,36,22
AA3579R01,2,33,36,15,2
YG0146R01,2,46,36,23,1
D070BU10,2,3,61,61,2
MTM0008,2,114,151,101,40
AA0012R01,2,66,31,31,2
AA1628R01,2,32,27,27,3
AB512J06,2,82,58,59,4
AA1906C37,2,105,119,3,16
IT0439M46,2,3,15,19,1
IT0449M83,2,3,22,28,1
IT0457M83,2,3,18,23,1
IT0460M05,2,4,18,23,1
AA1447R54,2,53,42,42,7
A684M01,2,44,34,3,2
YG0063M24,2,26,37,37,7
AA2607K19,2,9,13,13,1
AA3927Y12,2,35,11,11,1
S801_41D_GR39,2,95,195,167,70
AA0552K85,2,34,16,16,2
YG0622,2,91,61,3,2
P407,2,30,39,50,14
P408,2,34,21,36,3
P409,2,35,21,36,3
P410,2,90,68,66,45
P412,2,98,20,162,26
AA4555C35,2,26,17,14,2
P413,2,71,60,50,8
P414,2,19,55,65,8
CC6054J11,2,75,151,67,13
P415,2,5,27,16,1
P416,2,58,150,59,37
RA482PAN,2,31,41,41,2
YG0258PR03,2,77,161,91,48
S808_10_PS33,2,74,73,83,15
CC1086CWQ26,2,95,84,91,8
C639EN09,2,81,55,58,8
S804_CAB100_SN24,2,107,107,6,8
CC0076FN46,2,98,86,83,11
MV0006SS01,2,5,30,31,1
AA0711ADUKM47,2,166,66,66,6
S803_80_RS34,2,36,102,102,10
IT0368J19,3,75,151,67,13
S431VA02,3,41,71,61,1
AA9058S01,3,4,51,71,4
LH0438R05,3,62,31,31,4
AA3601R01,3,29,24,10,1
YG0134M46,3,118,61,43,45
AA2885PR33,3,11,8,8,1
P369,3,5,41,41,1
LH0611FN46,3,101,101,4,5
AA2556R83,3,74,73,3,3
AA1990K05,3,21,21,7,1
CC6052M46,3,41,101,61,14
AA1249PR01,3,56,58,39,9
S801_41I_GR39,3,95,195,167,70
C358K09,3,76,201,101,81
S803_80_RS03,3,36,102,102,10
S804_CAB180_SN04,3,107,187,6,13
IT0032FN46,3,64,68,43,3
IT0034FN46,3,51,35,4,1
AA1226R27,3,36,21,21,2
CC0044R84,3,74,46,46,7
CC0316UE09,3,78,54,61,9
D094VA81,3,37,141,191,41
YG0003CT03,3,81,196,91,40
D127M93 180,3,136,195,7,24
IT0071PR60,4,26,21,21,5
YG0063M81,4,26,37,37,7
LH0433N01,4,24,10,13,1
AA0739R03,4,56,42,42,5
YG0123M46,4,79,151,43,59
IT0066PR01,4,56,41,41,15
LH0873J86,4,46,41,41,1
YG0130M46,4,80,100,43,42
A484ADUKR05,4,48,31,16,2
AA0124ADUKJ05,4,33,16,16,1
AA2390R19,4,18,51,21,2
AA2828C07,4,21,14,14,2
IT0070PR60,4,29,15,15,5
YG0063M05,4,26,37,37,7
AB0343K11,4,8,13,11,1
S804_CAB100_SN19,4,107,107,6,8
IT0443M09,4,3,15,19,1
AB510J06,4,89,46,60,4
AA9071,4,14,36,36,1
A806ADUKR03,4,167,75,29,4
AA4761R01,4,139,87,32,18
CC0645M05,4,96,121,54,15
IT0456M83,4,3,15,19,1
AA3289J26,4,31,46,46,5
S431VA03,4,41,71,61,1
AB508N05,4,89,56,60,4
D040VA34,4,77,109,8,14
CC6838M40,4,77,161,91,85
AB0393R53,5,21,16,24,1
AA0121J05,5,53,24,24,1
CC1219K60,5,46,47,47,8
CC1083JU25,5,43,112,43,14
D095VA81,5,37,151,191,43
CC6051M46,5,77,91,91,12
S803_10_RS34,5,66,102,102,13
S804_CAB180_SN81,5,107,187,6,13
S330BG15,5,81,66,76,14
CC6025M46,5,48,111,41,15
AA4475,5,91,61,3,2
CC0231S14,5,84,53,44,5
AB509N01,5,76,71,71,10
AB0528FN46,5,81,26,26,2
AA2887PR33,5,13,13,4,1
LH0610FN46,5,61,61,4,3
YG0053M05,5,101,82,41,4
AB0424K09,6,6,22,22,1
S804_CAB160_SN81,6,107,167,6,12
AB0426K25,6,25,21,14,1
S804_CAB100_SN04,6,107,107,6,8
AB0349K11,6,9,18,18,1
AB0345K11,6,3,22,22,1
MV0006BO81,6,5,30,31,1
AB0346K11,6,4,30,30,1
IT0050PR01,6,46,36,36,15
IT0289M46,6,159,18,3,2
AA6829FN06,6,23,23,6,1
AB0433K25,6,12,24,24,1
LH0420R01,6,51,16,16,1
AB0348K11,6,8,29,24,1
C436M40,6,79,161,91,82
AA3395R05,6,14,14,4,1
IT0369M46,6,77,161,91,32
AB0416K09,6,4,27,27,1
IT0364J11,6,75,84,67,8
AA9069,6,14,36,36,2
AA2942R26,6,54,32,32,5
AA2893M46,6,39,24,4,1
AA9052S05,6,3,51,71,3
C359M46,6,81,181,101,55
LH0871J12,6,33,63,63,2
YG0003CT25,7,81,196,91,40
AA4908,7,71,51,5,3
S804_CAB100_SN81,7,107,107,6,8
AA4911,7,71,51,5,3
D042J14,7,77,179,8,22
AA7271M01,7,61,43,16,2
YG0058M05,7,81,72,33,10
P368,7,5,41,41,1
KLV4075,7,16,76,41,1
YG0063M46,7,26,37,37,7
AA0812J17,7,16,46,46,1
YG0146R83,7,46,36,23,1
S803_40_RS34,7,66,102,166,19
IT0065PR01,7,31,61,61,35
AA3137R01,7,38,16,16,1
YG0052M24,7,21,54,16,2
AA3901PR33,7,19,8,8,1
MTM0024,8,167,181,5,10
MTM0025,8,167,181,5,10
YG0054M24,8,106,51,27,13
AB0413K09,8,10,9,9,1
YG0052M81,8,21,54,16,2
AA9070,8,14,36,36,2
AA7909R01,8,167,56,75,7
IT0417S10,8,4,51,51,2
AA4882K05,8,33,33,5,1
IT0418S10,8,4,51,51,3
CC6055J19,8,75,84,67,8
AB0385FN46,8,35,41,41,1
A168M47,8,61,71,46,11
AA8803C07,8,46,31,31,2
AA9072,9,14,36,36,2
MV0007BO81,9,3,31,181,1
LH0438R01,9,62,31,31,4
LH0435S01,9,39,16,16,1
AB0438K25,9,4,11,11,1
CC6070J12,9,81,136,66,16
LH0517J24,9,46,46,46,2
AA6972,9,23,27,45,1
R506009PFP,9,6,6,6,1
C435M40,9,79,161,91,82
AB0384FN46,9,31,51,51,1
CC0516JU80,9,101,46,57,6
S712GC12,9,15,31,66,5
AA2886PR33,9,10,10,10,1
AB0417K33,10,4,23,22,1
AA5041J35,10,51,22,22,1
AA4559C10,10,21,20,14,1
AA4492R05,10,9,31,34,1
S804_CAB160_SN04,10,107,167,6,12
YG0061M05,10,39,64,41,12
S490CWQ02,10,78,184,88,32
AB512J09,10,82,58,59,4
AA4551C24,10,25,15,15,2
YG0052M26,10,21,54,16,2
IT0072PR60,10,29,26,26,2
AB0388R53,10,121,7,76,2
AB0408K33,10,25,20,14,2
IT0039FN46,10,81,41,36,2
S663JU03,11,86,183,179,41
MV0007BO20,11,3,31,181,1
AA8759FN46,11,37,36,24,1
S712GC02,11,15,31,66,5
AB0049M46,11,51,27,27,1
IT0462R01,11,3,19,24,1
S803_40_RS03,11,66,102,166,19
IT0380PR12,11,4,11,11,1
LH0202R01,11,53,36,36,3
IT0031FN46,11,64,41,43,2
S803_10_RS03,11,66,102,102,13
AA1318J06,11,46,46,46,2
A639ADUKE05,11,158,51,51,4
AA9073,11,14,36,36,3
AA9064S05,11,3,31,41,2
AA9056S05,11,5,51,51,3
P346,11,41,21,21,1
AA8075VN05,12,21,31,136,2
YG0062M05,12,39,79,41,11
AB510J09,12,89,46,60,4
CC6027M46,12,111,101,63,15
LH0547C10,12,11,17,17,2
AB0432K25,12,4,23,22,1
AA0753VA02,12,16,31,51,1
MTM0150,12,21,111,111,20
P289,12,13,13,27,1
IT0461R01,12,3,16,21,1
LH0219S12,12,10,6,10,1
LH0621J35,13,31,51,51,3
CC0949J03,13,78,63,78,9
LH0522C27,13,12,10,10,1
A783ADUKE01,13,158,51,51,4
AA3898PR33,13,12,8,8,1
AA7973R05,13,65,31,31,4
AA6047K20,13,8,21,24,1
LH0439R05,13,151,36,36,7
CC0772R01,13,65,49,49,4
CC1086TO15,13,95,84,91,8
P290,13,31,9,9,1
MTM0003,14,135,76,76,40
S375VA27,14,82,71,81,23
LH0258J24,14,4,36,36,1
CC1309M46,14,79,161,101,45
P287,14,31,15,19,5
YG0054M26,14,106,51,27,13
YG0132M46,14,60,51,46,20
LH0545C10,14,8,7,7,1
CC0895PR15,14,41,38,38,8
AA7121J03,14,9,9,9,1
LH0376M46,14,77,91,91,12
AB513N01,15,76,141,71,17
AA4723VI14,15,41,61,16,1
CC6830M46,15,81,61,46,35
MTM0149,15,21,96,96,15
D129M93 180,15,61,195,7,13
YG0059M05,15,41,47,35,3
LH0217S12,15,4,21,21,1
AB0373J19,15,81,171,111,2
CC0224CWQ06,15,87,49,57,6
AB0143M46,15,81,36,41,6
AA3895PR12,16,10,10,10,1
S663JU80,16,86,183,179,41
P240,16,7,22,31,3
S803_81_TJ02,16,36,102,102,10
WD001M33,16,56,161,41,26
S804_CAB160_SN19,16,107,167,6,12
LH0225S35,16,6,31,23,1
LH0437,16,10,19,13,1
CC5218M41,17,170,131,42,53
LH0220S81,17,10,6,10,1
AA7896R01,17,163,71,3,10
MTM0053,17,6,201,101,15
AA9054S03,17,4,101,41,4
IT0381PR12,17,11,9,9,2
AB0139M46,17,71,101,13,6
IT0382PR12,17,9,11,11,2
AA2016ADUKR01,17,13,36,13,2
C361M90,17,79,181,101,79
D040VA23,17,77,109,8,14
AA3902PR33,17,35,11,11,2
AB0411K33,17,11,10,10,1
P372,17,5,41,41,1
LH0191R34,17,29,20,20,2
AB0526K03,17,44,31,31,2
AB0410K33,17,13,13,8,1
AA8075VN12,18,21,31,136,2
AB0417K09,18,4,23,22,1
LH0356M40,18,51,100,44,27
AB0431K25,18,4,27,27,1
LH0192R01,18,28,13,13,1
LH0222S12,18,10,12,13,1
LH0218S27,18,10,8,10,1
AA9068,18,14,36,36,1
LH0529C31,18,11,17,17,2
LH0556C12,18,26,10,10,1
MV0003SS01,18,7,21,33,1
AB0418K33,18,4,34,20,1
IT0027FN46,19,53,45,42,2
C747M33,19,79,181,101,88
AA8081BO20,19,7,21,28,1
P345,19,71,21,21,2
AB0412K33,19,9,11,11,1
LH0550C10,19,26,10,10,1
YG0162R01,19,110,85,3,12
AB0052,19,38,23,32,1
D175R33_090,19,111,99,5,5
S803_41_TJ02,20,66,102,166,19
LH0546C10,20,12,10,10,1
S804_CAB100_SN03,20,107,107,6,8
S804_CAB100_SN39,20,107,107,6,8
S803_11_TJ02,20,66,102,102,13
AA4571C26,20,38,27,21,4
AA9060S05,20,5,31,41,2
MV0003BO20,20,7,21,33,1
CC6024M01,20,131,81,46,14
LH0614FN46,20,29,18,18,1
LH0553C12,20,11,17,17,2
LH0439R01,21,151,36,36,7
IT0287M40,21,77,201,101,65
YG0060M05,21,34,46,35,5
AA7268M01,21,81,81,16,5
IT0365J03,21,61,198,76,25
AA8745J01,21,21,48,48,2
MTM0152,21,9,9,63,1
AA5630M01,21,3,7,27,1
AA8921R01,22,21,19,19,1
AA8750J01,22,29,38,38,2
AB0521PR19,22,162,21,45,9
AB0422K33,22,8,16,16,1
AA1774RF33,22,41,38,11,8
LH0521C27,22,8,7,7,1
AB0416K33,22,4,27,27,1
YG0051M05,22,61,51,13,3
IT0291M40,22,77,161,91,55
AA9061M46,22,3,51,71,3
CC6023M01,22,89,121,66,13
CC6069J12,22,81,75,66,10
CC6837M40,22,77,181,101,98
C358M46,22,81,201,101,55
AA6053K20,22,9,18,18,1
AA8961J33,22,46,41,41,6
IT0017FN46,22,61,46,46,3
IT0284J15,22,78,181,91,22
IT0409PR10,23,4,11,11,2
CC2983M46,23,49,56,56,7
LH0227J24,23,31,41,41,2
AA3982,23,72,14,14,1
AB0374J19,23,81,131,131,1
S803_81_RS06,23,36,102,102,10
AB0145PR01,23,13,41,46,8
A496R01,23,167,71,56,8
AA7323PR46,23,3,26,21,2
C747K10,23,76,181,101,89
YG0087M27,23,27,61,17,2
UND3D04140190,24,6,141,191,25
YG0086M46,24,21,33,30,2
LH0551C12,24,8,7,7,1
CC1169JU03,24,82,54,58,6
AB0422K09,24,8,16,16,1
LH0227J35,24,31,41,41,2
C586F33,24,74,59,66,8
ECFM11016075190,24,17,76,191,11
AA7265M01,24,151,101,35,9
LH0258J27,24,4,36,36,1
IT0083M46,24,74,105,42,43
LH0524C27,25,18,8,8,1
P350,25,14,24,14,1
D042J33,25,77,179,8,22
IT0044FN46,25,37,67,67,4
AB0358K10,25,7,32,17,1
IT0051PR03,25,49,51,51,35
YG0052M46,25,21,54,16,2
YG0226M46,25,91,91,41,53
AB0135M46,26,56,91,4,7
CC5223J01,26,86,69,77,11
YG0043BG15,26,105,87,87,23
AA4558C10,26,31,15,15,2
LH0552C12,26,12,10,10,1
LH0194R05,26,161,31,31,6
S564BG15,26,83,70,81,19
AA6973,26,25,33,43,1
AA1209FN24,26,33,36,33,2
LH0528C31,26,12,10,10,1
CC6000M43,27,76,121,121,51
AA7120J03,27,9,9,9,1
AA2821C07,27,39,11,11,1
UND3D04180200,27,6,181,201,36
LH0270J35,27,6,61,161,1
AA5176CP04,27,8,8,8,1
LH0526C27,27,27,9,9,1
LH0525C27,27,23,8,8,1
CC1007R01,27,75,67,49,5
LH0210R01,28,26,16,16,1
AA5694,28,161,61,61,1
IT0233J01,28,21,21,76,1
LH0435S05,28,39,16,16,1
AA7264M01,29,163,61,27,6
CC5217M41,29,65,181,46,50
IT0367J19,29,79,54,56,5
AA8983R14,29,61,59,16,2
D095VA02,29,37,151,191,43
LH0227J12,29,31,41,41,2
LH0532C31,29,27,9,9,1
LH0217S81,29,4,21,21,1
LH0517J33,29,46,46,46,2
S804_CAB100_SN12,29,107,107,6,8
S804_CAB160_SN03,29,107,167,6,12
C747M90,29,79,181,101,94
AB0144M46,30,161,51,4,7
AA8963J33,30,36,51,51,2
MTM0041,30,6,145,4,1
AA8281R05,30,156,36,36,6
AB0182FN46,30,19,29,29,1
AA8781FN46,30,19,51,51,1
LH0216SI35,30,8,14,18,1
AB0529PR19,31,30,16,16,3
AA6267FN46,31,181,166,5,6
UND3D04135190,31,6,136,191,24
CC0984MH85,31,74,55,59,7
SN011PR01,32,12,41,41,8
AA1262E01,32,65,48,11,3
LH0218S19,32,10,8,10,1
D080VA02,33,37,91,191,56
D081VA02,33,37,141,191,67
S793_21_LO12,33,84,171,84,42
AA2019ADUKR01,33,153,41,17,3
C368K10,33,76,201,101,95
CC2086M46,33,72,33,32,3
CC2084M81,33,61,31,31,3
YG0209,33,5,51,151,2
IT0077M46,33,46,161,42,43
S727MN14,33,74,85,85,18
AA8742J26,34,46,41,41,2
D094VA02,34,37,141,191,41
KCC135190,34,28,136,191,29
AA9964,34,41,31,5,1
LH0531C31,34,23,8,8,1
C366M33,34,79,161,91,97
YG0054M05,34,106,51,27,13
LH0549C10,34,24,9,9,1
C409K10,34,76,181,101,75
IT0050PR03,34,46,36,36,15
CC1995M03,34,141,101,41,44
CC5080J81,35,101,55,53,6
AA8921R83,35,21,19,19,1
AA3899PR33,35,10,10,10,1
CC5216M41,35,85,181,46,66
YG0195J12,36,79,171,81,24
S663PK03,36,86,183,179,41
IT0018FN46,36,46,111,61,8
C366K10,36,76,161,91,78
YG0049M46,36,71,61,24,5
AA7848J060,37,24,71,121,1
S578JU80,37,50,81,81,10
AB0370J19,37,91,146,106,1
LH0354M40,37,171,44,86,58
AA7122J05,37,9,9,9,1
CC0510RF03,37,77,91,91,60
S804_CAB180_SN03,37,107,187,6,13
CC0897PR12,37,45,33,33,8
S804_CAB180_SN12,37,107,187,6,13
CC6094S05,37,77,61,56,5
S288J14,37,82,191,86,38
S793_21_MN14,38,84,171,84,42
D185R83_090,38,111,99,5,5
LH0222S81,38,10,12,13,1
KEE150200,38,27,151,201,35
AA8742J03,38,46,41,41,2
YG0049M05,38,71,61,24,8
LH0184R15,38,38,21,21,2
SN005M47,39,101,26,26,10
S803_11_RS06,39,66,102,102,13
CC0448J15,39,80,67,81,9
AA6289SN24,39,31,71,71,2
LH0204R01,39,156,31,31,5
IT0285J15,39,78,101,91,12
LH0224S35,39,6,31,23,1
UND3D04160200,39,6,161,201,34
YG0009J33,39,41,61,61,6
LH0209R01,39,105,109,31,4
IT0183Y22,40,4,14,10,1
S517BG15,40,79,78,84,22
A463L05,40,53,171,46,63
AA8808C07,40,141,31,31,4
YG0195J19,40,79,171,81,24
C435K05,40,76,161,91,64
P436,40,5,7,7,1
LH0527C31,40,8,7,7,1
S801_20_GR39,40,95,175,97,44
C747K09,40,76,181,101,89
IT0081M46,41,56,171,111,24
D082VA02,41,37,151,191,69
C361K05,41,76,181,101,75
S793_20_MN14,41,84,171,84,42
AA7848J070,41,24,111,181,1
CC2184M46,41,48,37,37,7
C747M40,41,79,181,101,88
AA9965,41,41,31,5,1
CC6033R33,42,85,61,66,3
AA0130J05,42,46,31,16,1
CC1083JU03,42,43,112,43,14
S578JU24,42,50,81,81,10
C312L05,42,51,61,61,8
S578JU85,42,50,81,81,10
YG0202,42,4,51,151,4
YG0201,42,4,61,91,3
AA7810C37,43,51,51,3,3
IT0079M46,43,16,101,22,5
LH0555C12,43,24,9,9,1
CC6094S31,43,77,61,56,5
S804_CAB180_SN39,43,107,187,6,13
LH0221S27,43,10,12,13,1
P286,43,30,14,20,5
A462L05,43,43,141,46,45
IT0173PR36,43,4,12,9,1
C409M33,43,79,181,101,73
S715JU03,44,86,103,99,21
AA7118J05,44,9,9,9,1
S584BB26,44,33,32,85,3
AA8983R53,44,61,59,16,2
IT0233J05,45,21,21,76,1
AB0375J19,45,121,71,76,1
D097VA02,45,37,181,201,49
LH0530C31,45,18,8,8,1
CC1309L05,45,79,161,101,45
C408K10,45,76,201,101,81
IT0037FN46,45,26,59,26,1
CC6033R02,45,85,61,66,3
CC0516VA23,46,101,46,57,6
YG0030R53,46,34,63,15,2
AB508N01,46,89,56,60,4
IT0366J03,46,61,81,77,13
CC5083M46,46,107,76,76,15
AA0129J01,46,32,23,25,1
CC1963M03,46,76,161,41,48
IT0183Y30,46,8,18,14,1
CC0401M01,47,46,46,181,34
C437K05,47,76,161,91,64
YG0048J33,47,70,44,61,5
CC6831M46,47,47,41,31,5
LH0217S27,48,4,21,21,1
AB0413K33,48,10,9,9,1
AA5038J33,48,175,51,51,9
MTM0111,48,18,104,10,2
C429K05,48,76,201,101,81
C360K05,49,76,201,101,81
CC1083JU80,49,43,112,43,14
S547JU03,49,86,183,99,31
C261L05,49,51,61,61,8
D095VA03,50,37,151,191,43
AA7244S01,50,37,21,21,2
CC1026M46,50,107,131,81,23
AA2607K26,50,9,13,13,1
KGG135190,50,23,136,191,18
S804_CAB160_SN39,51,107,167,6,12
YG0203,51,4,31,41,2
D042VA81,51,77,179,8,23
AA7811C37,51,55,71,3,4
AA4477,51,91,61,3,2
AB0424K33,52,6,22,22,1
AA9962,52,71,51,6,3
C430K05,52,76,181,101,75
LH0444M46,52,23,16,16,1
MTM0127,52,6,20,22,1
IT0078M46,53,72,181,42,87
AA5177CP04,53,8,8,8,1
S480BG81,53,81,66,76,14
CC0516VA02,53,101,46,57,6
AA8904C29,53,27,9,9,1
A102FN10,53,178,56,56,8
CC0467VA02,53,43,112,43,14
C436K10,53,76,161,91,64
D080VA03,53,37,91,191,56
CC3005M50,53,54,168,41,36
EA351M05,54,160,60,4,10
S288J15,54,82,191,86,38
C361M33,54,79,181,101,73
YG0004CT03,54,69,79,81,18
S564J01,55,83,70,81,19
CC5162M01,55,78,181,91,69
AA6347R01,55,13,12,23,1
D040VA81,55,77,109,8,14
S547JU80,56,86,183,99,31
CC2084M05,56,61,31,31,3
AA8741J34,56,31,41,41,2
AA8871C32,56,10,17,17,2
AA9953,57,41,41,3,2
CC5225J01,57,86,56,51,6
C366K09,57,76,161,91,78
CC3013M50,57,143,65,41,51
AA8876C18,57,27,9,9,1
IT0184Y22,57,11,8,8,1
AA6290SN24,57,51,43,43,1
VLL060120,58,11,61,121,3
YG0193J12,58,79,77,81,13
S547JU85,58,86,183,99,31
C368K09,59,76,201,101,95
S803_41_RS06,59,66,102,166,19
LH0548C10,59,18,8,8,1
D080VA12,59,37,91,191,56
D191150190AB12,59,109,176,201,47
AB0307J01,59,158,66,66,2
CC2252FN46,60,114,61,39,27
D093VA02,60,37,91,191,26
LH0353M40,60,73,181,44,52
CC2980M46,60,32,25,25,2
C358L05,60,81,201,101,58
AA9972,60,26,111,5,2
CC0253FRUE02,60,88,61,61,8
LH0217SI19,60,4,21,21,1
CC6096S05,60,77,57,56,5
YG0213,61,5,81,101,4
CC1962M33,61,167,111,41,64
LH0221S19,61,10,12,13,1
UND3D04150190,61,6,151,191,26
CC2180M46,61,93,39,39,15
S578JU03,61,50,81,81,10
CC3010M50,62,38,125,71,33
S490PT09,62,78,184,88,32
AA8799C07,62,41,31,31,2
S715PK03,62,86,103,99,21
CC1719M40,62,83,141,49,59
S564BG19,62,83,70,81,19
AA8786FN46,63,31,46,46,1
AA8899C29,63,10,17,17,2
CC3007M50,63,64,188,41,50
YG0193J19,63,79,77,81,13
D193L05,63,87,73,135,41
CC6050J11,63,79,54,56,5
S418VA02,63,91,74,86,18
C359L05,63,81,181,101,55
CC6001M43,63,76,91,91,32
AA7300CP35,64,35,35,10,1
D094VA03,64,37,141,191,41
AA6843M33,64,59,17,17,1
CC0352P10_,64,94,78,101,8
D081VA03,64,37,141,191,67
AA8770J05,64,158,66,66,2
C436M33,64,79,161,91,82
AA7847J070,64,24,111,181,1
CC0645M46,64,96,121,54,15
CC1824M46,65,77,161,91,26
AA7311PR05,65,3,26,21,2
AA8958M43,65,31,31,5,2
CC6827M46,65,46,87,41,30
IT0080M46,65,46,50,42,20
D040VA02,65,77,109,8,14
YG0211,65,4,51,71,2
CC2142FN46,65,72,141,65,18
AA4784R01,65,148,76,55,7
KCC140190,66,28,141,191,30
LH0211R53,66,29,16,16,1
S489LD81,66,78,184,88,32
CC5965J86,66,108,108,74,12
CC3008M50,67,141,108,41,51
CC2978M46,67,49,56,56,5
AA5333M40,67,181,101,42,37
AA5333M46,67,181,101,42,37
S564JU03,67,83,70,81,19
C409M90,67,79,181,101,79
S567J15,67,80,201,88,53
S480PT09,68,81,66,76,14
CC2209JU03,68,78,61,74,9
LH0554C12,68,18,8,8,1
CC2210JU24,68,78,61,74,9
CC2251FN46,68,94,91,39,29
IT0172PR36,68,12,8,8,1
IT0171PR36,68,17,12,12,1
C361M40,68,79,181,101,79
AA4553C35,68,12,14,14,1
D097VA03,69,37,181,201,49
AA8785FN46,69,66,61,61,3
D084VA02,69,37,181,201,77
LH0285J80,70,11,46,46,1
AA8779FN46,71,31,36,24,1
KPP135190,71,5,136,191,3
CC2259PR01,71,78,121,121,95
AA8088J12,71,46,11,71,1
AA8745FN46,71,21,48,48,2
S629FN19,71,84,154,78,20
AA7309PR05,72,3,26,21,2
D191090190AB12,72,109,116,201,37
AB0145PR33,72,13,46,41,8
AA8514C07,72,19,16,29,1
CC0235J33,73,96,83,73,1
CC2084M46,73,61,31,31,3
CC2043M46,74,48,41,41,15
CC0467VA81,74,43,112,43,14
AA8800C03,75,36,26,26,1
AA4789R01,75,137,23,23,3
D096VA03,75,37,161,201,45
KPP140190,75,5,141,191,3
D167J12160,75,81,165,5,24
CC1719M41,75,83,141,49,59
IT0184Y30,76,11,8,8,1
CC2125M47,76,78,91,91,44
AA8905C29,76,25,7,7,1
CC5163M01,76,46,46,161,33
CC6020M01,76,76,121,121,27
REC005PFP,76,6,6,6,1
AA9029K12,76,19,18,19,1
AA8452M46,76,10,8,8,2
AA7846J060,76,24,71,121,1
AA7847J060,77,24,71,121,1
S480PN24,77,81,66,76,14
CC0892J25,77,99,91,83,14
AA9959,77,51,51,3,3
D081VA12,77,37,141,191,67
IT0267PR14,77,4,10,15,1
P349,77,7,22,31,3
C100C07,78,77,151,91,70
CC6094S10,78,77,61,56,5
LH0285J24,78,11,46,46,1
C264L14,78,33,91,91,14
AA8875C20,78,10,17,17,2
D175R02_160,78,111,169,5,6
S330VA23,79,81,66,76,16
S517BG19,79,79,78,84,22
P322,79,3,41,61,1
CC6095S01,79,77,57,56,5
LH0152R01,80,9,28,28,1
CC1961M33,80,51,166,46,42
AA8823C05,80,17,8,8,1
AA6341R50,80,10,41,13,1
D093VA03,80,37,91,191,26
LH0355M40,80,51,181,44,45
D094VA12,81,37,141,191,41
AA9034R82,81,7,36,36,1
AA8635P10,81,39,71,71,14
S517J01,81,79,78,84,22
IT0169PR01,82,4,12,9,1
AA8783FN46,82,71,31,31,2
AA8957M46,82,42,37,5,2
AA8437K05,82,10,26,26,1
C435M33,83,79,161,91,82
AA8634P10,83,41,121,41,16
A792M50,84,57,135,46,41
IT0168PR01,84,13,10,10,1
CC1855GR24,84,100,82,98,16
YG0008J33,84,41,51,51,4
S578PK03,85,50,81,81,10
S418VA03,85,91,74,86,18
AA8782FN46,85,31,31,31,1
AA8897C29,85,11,10,10,1
IT0185Y22,85,11,12,12,1
IT0174PR36,85,13,10,10,1
D203J85,86,61,166,7,6
S581PK03,86,89,193,161,53
S754MN14,86,74,161,85,36
CC6068J12,87,74,59,56,6
S584BB02,87,33,32,85,3
AA7869R01,87,46,34,7,1
CC2041M46,87,91,91,55,52
RKT003M40,87,111,61,43,51
KPP150190,87,5,151,191,4
S793_20_LO12,88,84,171,84,42
D096VA02,88,37,161,201,45
A819M50,88,153,105,41,65
AA7991M46,88,171,56,8,7
KCC180200,89,28,181,201,41
AA6289SN03,89,31,71,71,2
AA6263FN46,89,181,151,5,9
D082VA03,89,37,151,191,69
S596J15,89,80,185,82,32
AA7999M46,89,49,49,13,2
CC6033R10,90,85,61,66,3
CC5222J12,90,86,69,77,11
CC2143FN46,90,72,71,65,13
LH0186R15,90,46,41,21,3
AB0137M46,90,71,46,4,5
D041VA81,91,77,169,8,21
S804_CAB160_SN12,91,107,167,6,12
CC6834J01,91,111,56,51,6
CC3014M50,91,78,119,41,48
SN004M47,91,183,41,41,23
AA6372CI81,91,46,51,51,2
CC0516BU14,92,101,46,57,6
S521J03,92,83,129,74,38
AA6051K25,92,11,12,12,1
AA3612LN24,92,91,81,81,4
CC1959M33,92,81,186,46,58
CC0954M01,93,78,161,91,68
S521JU24,93,83,129,74,38
AA8780FN46,93,166,26,53,5
CC1081JU25,93,100,61,54,11
S517JU03,93,79,78,84,22
CC0352P01_,93,94,78,101,8
AA9032R82,93,7,7,191,1
S564BG12,93,83,70,81,19
AA0345SN24,94,4,36,36,1
CC1011J03,94,81,57,61,5
D209J14,94,70,47,81,4
S290J15,94,82,191,82,37
AA8650N01,94,31,41,41,2
AA2981R01,94,48,29,13,2
KEE140190,94,27,141,191,31
CC1916FN12,94,70,71,74,6
IT0085M46,94,50,201,42,52
AA6373CG39,95,31,71,71,2
CC5204S01,95,74,53,46,5
S480PT02,95,81,66,76,14
S516J14,95,79,78,84,22
LH0450J33,96,6,46,46,1
AB0348K10,96,8,29,24,1
CC5972J05,96,198,106,106,20
LH0169R35,96,4,42,15,1
KGG180200,97,23,181,201,25
KGG150190,97,23,151,191,19
D150FN01,98,121,171,5,5
C584J12,98,80,75,75,8
CC2211BG15,98,83,47,51,7
AA8879C24,98,27,9,9,1
AA7890R01,98,184,83,12,11
AA7809C37,99,51,51,3,3
C103C07,99,77,181,91,78
AA8910C12,99,7,21,21,1
AA8625FN01,99,21,121,61,13
CC1827M46,99,86,121,56,25
CC2002J19,100,66,123,63,12
AB0369J19,100,91,111,106,1
S490PT02,100,78,184,88,32
CC0518VA03,100,101,47,57,6
AA7846J070,100,24,111,181,1
AA8083J12,100,5,16,26,1
S598J03,100,84,191,92,32
C624FRJ15,100,89,45,56,6
AA1464R53,101,45,47,47,5
AA2047R01,101,181,83,40,22
CC6094S01,101,77,61,56,5
IT0163K05,101,4,13,13,1
IT0167PR01,101,12,8,8,1
S330BG12,101,81,66,76,14
C657J14,102,88,52,61,7
AA7310PR05,102,3,24,19,2
CC2047M46,102,72,39,40,8
LH0165R31,102,12,22,22,1
S586R01,102,4,22,55,1
IT0185Y30,103,11,12,12,1
KPP180200,103,5,181,201,4
AA0502CB12,103,6,49,47,1
SN008M47,104,82,67,41,4
AA7245S06,104,29,19,19,1
AA8626FN01,104,21,64,64,7
AA8136,104,71,51,5,4
D095VA12,104,37,151,191,43
IT0170PR01,105,17,12,12,1
CC0753J24,105,99,91,83,14
S745060,105,11,61,31,1
S584BB12,105,33,32,85,3
IT0166Y05,105,4,15,11,1
AA8928R83,106,17,17,21,2
AA0242M01,106,149,49,5,6
CC1827M40,106,86,121,56,25
P419,106,9,31,53,1
AA7918M41,106,50,40,3,2
RKT009M40,107,121,61,43,50
AB0222C01,107,10,17,17,2
CC1313J25,107,76,53,50,5
D083VA02,107,37,161,201,73
A640ADUKM46,107,156,58,51,4
IT0266Y05,107,18,12,12,1
LH0157R27,107,10,42,42,2
S516BG12,108,79,78,84,23
KCC090190,108,28,91,191,20
AA9943,108,71,51,6,2
LH0166R14,108,11,19,19,1
KLV4090,108,11,91,34,1
IT0164Y05,109,19,8,8,1
D084VA03,109,37,181,201,77
C409M40,109,79,181,101,73
CC2115MV12,109,84,72,63,14
2027135190,109,5,136,191,14
AA5557J33,109,51,26,26,5
AA4204,109,51,51,4,1
AA8597M46,109,31,31,6,2
AA7312PR05,110,3,24,19,2
AA8211J12,110,31,46,31,2
CC3002KY15,110,79,61,55,6
AA6289SN12,111,31,71,71,2
AA7336,111,37,28,28,1
KCC150190,111,28,151,191,32
AA6214LN24,111,46,41,41,1
AA6265FN46,111,181,181,5,7
AA8873C20,112,11,10,10,1
S576LN19,112,42,91,71,18
IT0165Y05,113,35,11,11,1
AA7245S01,113,29,19,19,1
AA7997M46,113,50,50,12,2
MH003L02,113,184,107,37,73
CC6835J12,114,111,56,51,6
AA6033M01,114,66,66,6,7
AA4762M46,114,11,61,6,2
AB0349K10,114,9,18,18,1
C252L05,114,36,121,71,14
CC1014J01,114,83,53,61,5
CC6005M43,114,106,141,61,41
AA8132,115,41,41,4,2
S418VA12,115,91,74,86,18
KEE180200,115,27,181,201,42
AA6525M01,115,26,14,10,1
AA7243S05,115,25,21,21,1
AA9930,115,91,61,5,6
AB0016K03,115,11,26,26,2
A785M03,116,171,41,41,4
D042VA02,116,77,179,8,23
CC0435J15,116,76,50,53,6
AA4205,116,61,41,4,1
CC0352P60_,116,94,78,101,8
AA7324PR46,117,3,24,19,1
AA8868C32,117,8,7,7,1
AA0503CB15,117,6,51,46,1
AA8075NS25,118,21,31,136,2
AA1278M05,118,46,46,8,3
KPP090190,118,5,91,191,2
C106C07,119,77,201,101,81
CC1145M46,119,91,74,31,19
AA6734SN81,119,3,41,41,1
S521JU20,119,83,129,74,38
AA6214LN15,119,46,41,41,1
DI002M46,119,54,126,46,35
AA4976C13,120,36,12,12,1
YG0004J33,120,69,79,81,18
LH0012C07,120,24,10,10,2
AA8762ME12,121,6,126,66,2
PAL001M46,121,81,186,46,51
CC0516VA03,121,101,46,57,6
YG0029R53,121,35,62,58,2
CC0364R01,121,95,81,36,15
AA8119,122,41,31,3,1
CC6004M43,122,76,116,36,26
AA6293SN24,122,3,51,31,1
D082VA12,123,37,151,191,69
AA8649,123,41,5,41,2
CC2013PR03,123,76,201,91,36
S516VA02,123,79,78,84,22
VLL090190,123,15,91,191,7
CC0364R33,124,95,81,36,15
CC0875M01,124,63,41,47,6
CC1115M46,124,57,161,46,47
AA8906C29,124,18,7,7,1
AA3893PR01,124,11,11,11,1
CC1047M33,124,77,161,91,41
AA2331CB15,125,6,45,41,1
YG0032R01,126,23,16,16,1
AB0224C05,126,27,9,9,1
IT0161K05,126,29,15,15,1
EC251C37,126,82,117,34,37
S565J03,126,76,181,101,57
AA8861C05,127,10,17,17,2
AA8792JU20,127,36,31,31,1
CC0753J15,127,99,91,83,14
KPP160200,127,5,161,201,4
AA6293SN81,127,3,51,31,1
AA6734SN24,127,3,41,41,1
AA6083R01,127,185,42,13,7
AA0623,127,61,61,4,2
CC2250FN46,127,161,91,39,40
AA8761ME12,128,6,56,66,1
AA6372CG39,128,46,51,51,2
AB0061R53,128,189,13,13,1
AA8832C15,128,16,10,10,1
CC1281C83,128,50,54,54,8
AA6089R01,128,96,61,31,7
CC5963FN35,128,121,87,65,9
AA6045K25,129,4,30,30,1
AA6693,129,36,10,56,2
AB0138M46,129,6,51,13,2
S626J03,129,84,77,151,22
D093VA12,129,37,91,191,26
S481LD81,129,89,193,91,43
AA8083BO24,129,5,16,26,1
S291J33,130,105,87,87,22
AA8420K05,130,10,25,25,1
AA8124,130,41,31,3,1
D206P10,130,61,164,6,10
AA7299R83,130,3,3,151,1
S481LD80,131,89,193,91,43
D083VA03,131,37,161,201,73
CC2001J19,131,66,62,63,7
CC5204S10,131,74,53,46,5
AA8784FN46,131,121,33,33,3
S330VA02,131,81,66,76,16
AA1779RF33,131,26,38,11,4
S480PT86,131,81,66,76,14
CC1078M43,132,47,141,46,32
AB0348K12,132,8,29,24,1
S728MN14,132,74,63,85,13
NR001M01,133,86,160,46,65
AA7847J090,133,24,131,201,1
CC0722S01,134,85,67,151,10
AA2518M41,134,165,36,41,6
GE004M33,134,81,136,41,30
AA9946,134,41,31,6,3
LH0213R01,135,51,31,31,3
D041VA02,135,77,169,8,21
AA6212LN15,135,31,71,71,2
RKT001M40,135,69,101,43,48
AA7750C03,135,11,11,11,1
AA4818R01,136,69,76,36,12
CC1906M01,136,127,61,41,55
AA8940M46,137,4,21,41,1
AA4282R83,137,51,46,46,7
S798J33,137,87,75,78,12
AA6289SN81,137,31,71,71,2
AA7318PR03,137,3,21,21,2
AA8877C18,137,25,7,7,1
AA6695,137,51,32,6,2
AA6373CN03,137,31,71,71,2
AA6290SN03,138,51,43,43,1
CC1219K05,138,46,47,47,8
CC2114MV12,138,84,63,71,14
AA6534C23,138,13,10,10,1
CC0713R01,138,75,161,81,36
AA6373CI81,138,31,71,71,2
AA7924M41,138,59,48,3,3
S489LD15,139,78,184,88,32
NR003M01,139,178,121,36,43
AA7757C22,139,10,9,9,1
CC3002LN15,139,79,61,55,6
AA8075NS12,139,21,31,136,2
DI004M46,140,188,96,41,85
C285L05,140,86,121,80,29
S289J15,140,82,91,82,22
IT0162K05,140,12,8,8,1
AA9029K26,140,19,18,18,1
AA7848J090,141,24,131,201,1
AA7978M47,141,178,45,45,6
AA8869C32,141,11,10,10,1
S481LD03,141,89,193,91,43
CC1047M90,141,77,161,91,41
AA0613,142,91,61,4,1
IT0176PR14,142,16,12,12,1
S584BB14,142,33,32,85,3
LH0164R24,142,11,19,19,1
AA7245S81,142,29,19,19,1
CC0393M91,143,76,163,46,68
PAL006M46,143,192,101,41,39
AA4197,143,41,31,4,1
AA7313PR60,143,3,26,21,2
AA7867R01,143,61,76,14,3
AB0349K12,144,9,18,18,1
KGG140190,144,23,141,191,18
AA8625FN05,144,23,121,61,13
S596J81,144,80,185,82,32
LH0167R20,144,12,22,22,1
KEE135190,145,27,136,191,30
AA6289SN39,145,31,71,71,2
C080C07,145,76,131,131,48
LH0156R12,146,7,27,27,1
A177F10,146,43,53,53,3
AA7039K64,146,11,26,26,2
AB0346K10,146,4,30,30,1
AA9936,147,71,51,6,3
D149FN19,147,121,171,5,5
RKT007M40,147,79,101,43,47
CC0467VA12,147,43,112,43,14
S521J02,148,83,129,74,38
AA9037R82,148,47,27,6,1
MH005L02,149,86,121,41,40
AA8831C15,149,11,10,10,1
CC0726FN46,149,76,181,91,25
S517J33,149,79,78,84,22
CC2017M46,149,41,31,31,3
CC0352J12_,150,94,78,101,8
C436K09,150,76,161,91,64
AA8473C24,150,14,9,9,1
LH0018C07,150,8,12,12,1
D202FN46,152,66,164,4,5
AA4973C13,152,11,9,9,1
AA8926R01,152,53,17,38,2
AA8083BO81,152,5,16,26,1
AA7296CP05,152,6,23,23,1
AA8407K05,152,11,28,25,1
AA8948M46,152,3,21,32,1
AA8925R01,152,46,9,56,1
AA5560C10,153,21,7,7,1
D084VA12,154,37,181,201,77
AA8859C05,154,11,10,10,1
AA8908C19,154,25,7,7,1
KCC160200,154,28,161,201,36
CC1901M01,154,74,181,41,76
AA6591R82,154,18,25,30,1
AA6970,154,43,31,6,1
AA7779J20,155,29,26,26,1
CC5097M87,155,168,51,41,6
S330VA03,155,81,66,76,16
AA7917M41,155,37,26,3,1
YG0180J33,155,99,77,107,12
AA7321PR03,155,3,26,21,2
AA8083BO12,155,5,16,26,1
AA8115,155,41,31,3,1
AA8433K05,156,4,28,28,1
S677J03,156,85,110,88,30
AA5046M46,156,181,136,4,25
AA8748FN46,156,42,26,26,1
AB0061R83,156,189,13,13,1
S489PK03,158,78,184,88,32
D042VA03,158,77,179,8,23
AA7928M41,158,153,54,3,9
EA282C37,158,87,121,6,22
AA8947M46,159,3,17,42,1
CC1960M33,159,76,161,91,45
AA6465R01,159,36,51,4,1
AA6053K06,159,9,18,18,1
AA5257R34,159,21,9,9,1
AA6452R05,160,21,41,41,1
AA8083BO80,160,5,16,26,1
AA7930M41,160,182,82,3,16
C276C07,161,76,131,131,48
D040VA03,161,77,109,8,14
AA6372CN03,161,46,51,51,2
C430M46,162,81,181,101,55
AA6147C17,162,24,11,11,1
LH0067C07,162,8,19,14,1
LH0170R24,162,11,13,13,1
AA0100J81,162,36,51,51,3
CC5226J12,163,86,56,51,6
CC0297BG15,164,74,59,59,7
AA6289SN04,164,31,71,71,2
CC0964M46,164,83,44,50,6
AA7343,164,141,56,51,6
AA7924M42,165,59,48,3,3
A788M50,165,89,155,46,65
AA4863,165,71,51,4,1
REC005LEG,166,31,6,6,1
CC3002LN24,166,79,61,55,6
CC6002M46,166,76,121,121,41
AA0455R01,166,49,46,23,2
CC0815FN46,167,77,79,73,8
AB0024K86,167,6,13,13,1
AA6045K06,167,4,30,30,1
AA8512C28,167,8,17,12,1
CC5971J86,167,198,106,106,28
CC0365R01,168,181,101,41,39
AA7931,168,43,31,6,1
C408K09,168,76,201,101,81
AB0227C01,169,27,9,9,1
LH0174R35,169,6,33,23,1
AA7998M46,169,51,51,13,2
AA8928R01,170,17,17,21,2
CC0518VA02,170,101,47,57,6
D184P10,170,111,154,5,8
AA8901C19,170,11,10,10,1
S330VA81,171,81,66,76,16
S547PK03,171,86,183,99,31
AA6571C10,171,12,10,10,1
AA2525M41,171,85,60,8,5
CC0365R33,172,181,101,41,39
CC5962FN46,172,121,87,65,9
AA6212LN24,172,31,71,71,2
S569J15,172,48,81,61,16
AA6698,172,56,10,76,2
AA5560C25,172,21,7,7,1
AA7994M46,173,80,80,7,12
IT0181C83,173,3,12,12,1
AA7846J090,174,24,131,201,1
AB0343K10,174,8,13,11,1
IT0175PR14,174,11,9,9,1
S677J81,174,85,110,88,30
CC2211BG19,174,83,47,51,7
S481PK03,175,89,193,91,43
CC1905M01,175,92,121,41,71
AA7785J24,175,11,61,61,6
AA0745PR05,176,13,10,10,2
AB0345K10,176,3,22,22,1
AA4305R35,176,21,16,34,2
D208M46,176,67,63,98,9
D097VA12,176,37,181,201,49
D040VA12,177,77,109,8,14
PAL005M46,177,57,161,41,36
AA8626FN05,177,21,64,64,7
CC5212J01,178,84,60,56,8
AA9036R82,178,5,41,41,1
AA5852R53,178,36,31,16,2
IT0160K05,178,20,8,8,1
AA4975C13,178,19,9,9,1
CC6003M43,178,41,116,66,31
AA6290SN04,179,51,43,43,1
YG0026R53,179,46,28,18,1
AA7305PR05,179,3,16,30,2
AA1649,180,61,61,4,1
CC0511RF03,180,46,41,41,19
AA6293SN12,180,3,51,31,1
C255L05,180,36,121,61,16
CC5081M46,180,76,91,91,16
IT0177PR14,180,16,11,11,1
S679J15,181,85,107,88,29
CC0723S01,181,80,122,81,12
S290J14,181,82,191,82,37
D149FN46,181,121,171,5,5
CC0255J15,181,80,53,59,7
S330VA12,182,81,66,76,16
AA7923M03,182,17,24,3,1
RKT010M40,183,79,161,43,69
2027140190,183,5,141,191,14
AA8512C80,184,8,17,12,1
AA4242M46,184,53,53,7,7
AB0060FN46,184,26,14,21,1
AA1646,184,81,81,4,2
CC1146M46,184,186,81,36,38
AA8294J25,185,3,46,46,1
AA6447R01,185,6,31,14,1
AA5981,185,71,51,5,3
AA7753C26,186,10,9,9,1
CC1725M46,186,74,166,91,25
S576LN24,186,42,91,71,18
AA6734SN03,186,3,41,41,1
KGG160200,187,23,161,201,22
AA8959M46,187,36,31,5,2
CC0023J15,187,97,71,79,11
P362,187,7,4,7,1
S418VA81,187,91,74,86,18
AA6293SN39,187,3,51,31,1
KLV4080,187,11,81,34,1
CC0518VA12,188,101,47,57,6
AA8398K05,189,11,28,25,1
AA4173R01,189,55,16,37,2
AA4277C37,190,31,31,4,2
CC0466VA81,190,42,129,43,14
AA7125K12,190,4,29,29,1
AA8081BO24,191,7,21,28,1
A152R35,192,24,27,126,5
AA0145R54,192,62,57,34,8
AA6044K06,192,4,22,22,1
AA0747PR01,192,13,10,10,2
S635F06,193,73,121,63,13
AA7751C06,193,14,21,8,1
CC1951P10,193,48,121,41,8
AA6051K06,193,11,12,12,1
AA0345JU25,193,4,36,36,1
CC2249FN46,194,51,181,42,31
AA6699,194,56,10,76,2
AA8778J33,194,52,34,34,1
VLL070140,195,15,71,141,5
S630FN19,195,84,87,78,12
AA8872C20,195,8,7,7,1
CC0096L05,196,76,141,81,22
AA8518C03,196,12,12,14,1
AA7326,196,56,19,20,1
AA6463R01,196,64,83,6,7
AA8434K05,196,4,23,23,1
AA7110M46,196,75,54,68,4
AA2695,196,71,101,5,2
AA6047K25,198,8,21,24,1
LH0180R05,198,39,31,31,3
AA1574FN33,198,3,101,101,3
S564OX09,198,83,70,81,19
AA8239,198,41,41,4,1
YG0032R53,198,23,16,16,1
CC2014PR03,199,76,121,121,25
S480PN81,199,81,66,76,14
CC0354M46,199,49,36,36,6
AA6168C23,200,27,11,10,1
AA8935M46,200,3,26,32,1
AA6047K06,200,8,21,24,1
CC0363R01,200,46,41,41,3
AA0744PR05,200,12,8,8,2
AA6293SN03,200,3,51,31,1
AA8880C24,201,25,7,7,1
AA8791J39,201,51,31,31,3
AA6966,201,43,31,6,1
CC2130M46,202,81,65,76,18
AB0223C05,202,25,7,7,1
AA8952M46,202,4,26,26,1
AA6150C10,202,29,11,11,1
A487ADUKR01,202,55,48,16,1
CC1021PR14,202,104,71,71,17
AA6042M46,204,41,36,36,9
AA9933,204,91,61,5,6
AB0158FN46,204,38,36,36,1
AA5084FN01,205,71,71,4,2
AA0345SN04,205,4,36,36,1
C842PR03,206,77,201,91,54
AA0907R53,206,47,34,34,3
AA7109M46,207,149,100,51,10
AA8081J12,207,7,21,28,1
AA8512C24,207,8,17,12,1
AA5624M05,207,4,51,26,1
AA3888R01,208,43,41,8,2
AA0345VE25,208,4,36,36,1
MH008L02,208,76,121,61,23
CC1378M46,208,77,161,91,48
AA2014ADUKR01,209,45,26,22,1
AA8596M46,209,31,31,6,2
A789M50,209,57,175,46,48
AA4833R01,209,80,80,4,4
CC2258PR05,210,78,121,121,95
CC1013J32,210,86,67,59,6
C292M46,210,41,91,91,19
AA2331CB12,210,6,45,41,1
CC0893J19,210,96,78,76,14
CC2253FN46,210,49,51,39,10
AA4864,211,36,29,4,1
NR011M01,211,83,44,50,6
AA7722J35,211,19,19,191,1
AA9016K01,211,4,30,30,1
AA6697,211,56,10,76,2
CC2103J12,213,61,194,81,29
LH0016C07,213,16,10,10,1
AA8151K31,213,7,14,7,1
AA7953PR05,214,3,14,31,2
C359C07,214,76,181,101,74
AA7779J31,214,29,26,26,1
AA5027Y33,215,19,13,10,1
LH0214R01,215,184,31,31,9
AA8107,215,15,10,10,1
AA9017K20,216,4,28,28,1
CC1760VD03,216,85,70,63,8
AA6568C10,216,11,7,7,1
AA0345JU03,217,4,36,36,1
AA8174FN46,217,44,36,36,2
D096VA12,217,37,161,201,45
CC0989R01,218,47,122,35,17
AA6624M46,218,13,23,23,1
AA7304PR05,218,3,15,26,2
AA7294CP27,218,47,21,4,1
AA8037C34,218,15,15,15,2
2027150190,218,5,151,191,15
CC1225JU25,218,82,59,62,7
AA0345JU85,218,4,36,36,1
CC2078R01,218,41,62,58,5
AB0221C01,219,11,10,10,1
CC0351M05,219,99,57,79,9
CC5968FN46,219,198,106,106,25
AA0491J82,219,36,46,46,1
CC1084JU25,219,77,61,55,9
AA6462R01,219,29,44,19,2
AA4564C10,219,12,11,11,1
AA5087FN46,220,63,63,4,1
AA1254FN01,220,3,201,201,9
AA9022K20,220,15,11,11,1
S490PT86,220,78,184,88,32
CC5204S05,221,74,53,46,5
CC1081J03,221,100,61,54,11
AA0903R53,222,66,66,9,3
AA8770J01,222,158,66,66,2
AA5076FN01,223,46,73,3,1
AA8130,223,31,31,4,1
CC0045R83,223,75,46,46,7
AA6345R01,224,151,43,24,5
CC1081JU03,224,100,61,54,11
CC2248FN46,224,71,181,39,35
CC1312M46,224,79,161,101,45
AA5664,224,15,15,15,1
AA4905,224,121,81,6,5
CC5969FN35,224,198,106,106,25
CC0466VA02,225,42,129,43,14
AA8950M46,225,3,31,8,1
CC2136P10,226,74,64,60,9
CC2174M46,226,76,191,91,30
AA7935PR19,227,4,4,25,1
AA8531C20,227,26,10,10,1
Y007L05,227,78,161,91,29
AA7785J27,228,11,61,61,6
AA7314PR60,228,3,24,19,2
AA0890PR33,229,36,51,51,11
AA8896C29,229,8,7,7,1
AA0345VE23,229,4,36,36,1
AA4585M01,229,76,121,41,29
A102FN39,229,178,56,56,8
S564JL10,229,83,70,81,19
C434C07,230,76,161,91,74
AA9030J05,230,20,20,20,1
AA7906R01,230,171,65,51,15
C581P35,230,78,65,81,9
CC0825U11,230,105,46,50,8
AA3612LN15,231,91,81,81,4
D154FN46,231,126,171,5,5
S585R01,231,46,41,55,2
AB0028K86,231,11,10,10,1
AA6462R83,232,29,44,19,2
AA6470R01,232,29,87,11,2
D083VA12,233,37,161,201,73
KLF4090,233,16,91,41,1
A785M05,233,171,41,41,4
AA6448R01,233,6,61,14,1
CC6022M01,234,78,121,121,24
AA7918M46,234,50,40,3,2
AA8593C35,234,15,21,15,1
NR007J01,234,79,49,50,6
AA7960J03,234,23,23,23,1
CC1953M46,234,101,51,43,5
C358C07,234,76,201,101,82
C409M46,234,81,181,101,55
AA8131,235,41,41,4,1
C429M46,235,81,201,101,63
AA6346R01,235,46,32,18,2
AA0098R05,236,66,46,36,5
AA0345SN81,236,4,36,36,1
AA6530C29,236,10,14,14,1
AA2519M46,236,160,34,42,7
AA8474C24,237,17,9,9,1
AA8475C24,237,11,9,9,1
AA4320R01,237,56,38,38,3
AA8527C03,237,19,17,11,1
IT0180C83,237,11,9,9,1
CC5964FN10,238,121,87,65,7
AA7320PR03,238,3,26,31,3
CC0827U11,238,85,56,55,9
AA8458C07,239,18,17,17,1
AA8516C03,239,13,10,10,1
AA8772C03,239,23,15,15,1
AA0345JU80,240,4,36,36,1
CC0741M33,241,46,66,66,13
CC5165VD14,241,84,56,58,7
CC2079R01,241,61,61,61,3
C499L05,242,74,141,81,19
AA1564J35,242,36,51,51,3
SAV003M01,242,151,101,46,62
CC0358M35,242,141,86,41,45
AA8771C03,242,41,15,15,1
AA5255R05,242,36,23,26,1
AA8646J33,243,36,51,51,3
PAL004M46,244,46,111,56,15
AA7755C10,244,11,9,9,1
AA6039M46,245,21,61,11,2
D209J33,245,70,47,81,4
C360L05,245,81,201,101,58
AA8461C25,245,31,16,11,1
S289J14,245,82,91,82,22
LH0219J33,246,3,141,201,4
CC0996BU14,246,42,129,43,14
AA8878C18,246,18,7,7,1
AB0346K12,246,4,30,30,1
KEE090190,246,27,91,191,20
AA4563C10,246,14,14,14,1
AA8081BO81,246,7,21,28,1
C361M46,247,81,181,101,55
AA7780J25,247,26,26,26,1
S516VA03,247,79,78,84,22
AB0028K12,247,11,10,10,1
AA6771J03,248,46,36,36,1
MTM0035,248,11,101,21,3
CC1760VD15,248,85,70,63,8
AA7917M46,248,37,26,3,1
A841,248,201,87,46,13
CC2104J12,248,61,81,81,15
DI009M46,249,78,126,61,26
S564PK03,249,83,70,81,19
CC1307R01,249,86,111,36,15
CC1105C07,249,41,81,81,14
AA5258R01,249,16,9,9,1
AA8025M46,251,83,56,74,9
AA6534C13,251,13,10,10,1
AA6749R01,251,59,46,42,17
AA7334,251,58,64,64,2
CC1726M46,252,74,85,71,13
AA6217LN15,252,3,61,61,1
AA6765J35,253,51,26,4,1
AA8129,253,41,31,4,1
AA8294J81,254,3,46,46,1
AB0226C01,254,25,7,7,1
S576LN15,254,42,91,71,18
CC0824U11,254,85,54,57,8
CC0476M43,254,51,32,32,14
CC0404M43,255,27,50,48,17
AA6537C13,255,14,10,10,1
MTM0118,255,76,28,28,7
AA7721J33,256,19,19,191,1
AA4563C25,256,14,14,14,1
AA8438K05,256,8,17,17,1
AA7988M46,256,101,101,5,8
AA0688M01,256,153,121,34,28
AA7944PR19,257,8,42,7,2
AA8152K31,257,9,13,13,1
CC3003KY15,257,84,49,54,7
AA7322PR03,258,3,24,19,1
AA8137,258,71,51,5,4
AB0345K12,258,3,22,22,1
AA8881C24,258,18,7,7,1
AA7857R01,258,33,11,11,1
AA9013K01,258,9,18,18,1
AA7837PR86,259,50,28,28,7
CC3011M50,259,56,65,41,21
AA8931R53,260,153,61,31,5
AA9018K20,260,4,22,22,1
AA7325PR05,260,3,24,31,3
AA7836PR86,261,27,28,28,5
Y003L05,261,73,91,44,26
A728M35,261,42,161,36,36
AA1015M46,262,135,35,7,16
AA6209,262,71,51,5,3
AA8186K03,262,56,29,31,13
D042VA12,262,77,179,8,23
AA6570C10,262,19,9,9,1
CC0297BG19,263,74,59,59,7
CC0351M46,263,99,57,79,9
AA5262R34,263,10,19,19,1
AA8798J33,263,29,18,18,1
AA8189FN46,264,11,31,31,1
AA6526M35,264,45,9,9,1
AA8540C07,264,11,11,11,1
AA0345VE27,264,4,36,36,1
D041VA03,265,77,169,8,21
A484ADUKR03,265,48,31,16,2
AA6691,265,66,10,96,2
AA7125K87,266,4,29,29,1
CC2171M46,266,76,121,121,21
AA7754C26,266,24,10,10,1
AB0027K12,267,8,9,9,1
CC1940M01,267,79,201,121,54
LH0161R83,267,48,38,38,3
AA7340,267,23,14,11,1
AA5631M46,268,16,13,13,1
AA8403K05,268,9,18,18,1
AA9932,268,91,61,5,6
CC0516VA12,268,101,46,57,6
CC1310M46,268,79,161,101,45
DI006M46,268,181,151,41,68
AA7289CP27,268,6,47,47,1
AA6511R34,268,159,41,41,6
AA6208,269,71,51,5,3
KEE150190,269,27,151,191,33
AA0630J05,269,171,87,41,5
AA7290CP03,270,6,31,31,1
CC1167BG15,270,79,58,57,7
LH0172R83,270,49,23,23,4
AA6530C15,271,10,14,14,1
AA1241R53,271,55,36,6,2
AA4564C25,271,12,11,11,1
AA7785J32,271,11,61,61,6
CC0825U06,271,105,46,50,8
C498L05,271,74,121,76,18
CC1071F46,273,49,37,37,3
AA6171C15,273,3,22,22,1
S564J33,273,83,70,81,19
AB0160FN46,273,39,50,50,1
AA6568C25,274,11,7,7,1
CC0253BG81,274,88,61,61,8
AA6172C13,275,3,28,28,1
CC1853GR03,275,101,82,86,13
AA6216LN15,275,3,46,46,1
AB0025K86,275,4,28,28,1
AA6171C07,276,3,22,22,1
CC1167BG81,276,79,58,57,7
AA6751R01,276,59,181,42,44
CC0740C07,276,37,111,61,22
C079C07,276,76,111,111,37
CC1311M46,277,79,161,101,45
AA8526C19,277,18,11,11,1
SAV001M01,277,51,121,46,34
AA6453R01,277,26,26,26,2
AA8539C07,278,13,11,11,1
A451R01,278,39,41,41,4
AA4013PR15,278,15,16,16,2
KGG090190,278,23,91,191,12
AA1567J35,279,36,51,51,3
PS25M05,279,26,6,6,2
AA5837R53,279,50,34,16,2
AA6671,279,51,32,6,2
A505R01,280,18,34,34,2
S291J14,280,105,87,87,23
AA6530C13,280,10,14,14,1
AA2530M01,281,171,38,38,6
AA4584M01,281,56,151,41,29
AA6740C07,281,12,10,10,1
AA8456C07,282,24,11,11,1
AA4299R35,282,55,21,56,3
AA4288R25,282,19,20,20,1
AA5254M46,282,35,19,19,1
AA3030R53,282,84,82,3,6
AA9034R83,283,7,36,36,1
AA8958M46,283,31,31,5,2
Y002L05,284,73,121,44,39
AA3822R83,284,23,11,11,1
AA7937PR05,285,24,22,10,2
CC3003KY19,285,84,49,54,7
AA7936PR19,285,4,4,19,1
A505R05,285,18,34,34,2
AA5979,285,71,51,5,3
S291J27,285,105,87,87,23
CC1989C15,285,40,95,65,31
AA4686C15,285,16,18,18,1
AA6249C35,285,11,10,10,1
C357C07,286,76,163,93,55
AA6464R01,286,52,71,6,4
AA0345VE34,287,4,36,36,1
AA8455C07,287,20,11,11,1
AA6530C26,287,10,14,14,1
AA6967,287,43,31,6,1
CC2157J86,287,69,54,97,5
AA6673,287,51,31,6,2
AA0699R03,288,81,81,19,5
AA8412K05,288,3,26,26,1
AA7921M29,288,26,18,3,1
AA6172C17,289,3,28,28,1
AA6571C07,289,12,10,10,1
CC0465J01,290,51,123,6,2
AA8463C25,290,12,9,9,1
AA4199,290,51,51,4,1
AA5623M46,291,4,36,26,1
AA6253C04,292,13,10,10,1
AA1761RF03,292,44,37,37,4
CC1270C83,292,48,81,81,13
AA8519C03,292,10,14,9,1
AA4384K09,292,22,20,20,2
AA5843R01,292,48,21,21,2
AA8457C07,293,15,13,13,1
CC0409M43,293,31,34,33,6
AA8081BO12,293,7,21,28,1
AA5030M46,294,18,15,8,1
AA7330,294,71,71,61,2
CC1720M40,294,51,181,44,51
C264L05,295,33,91,91,14
AA8146,295,51,71,6,2
AA5969PR03,296,22,40,25,4
AA0345JU24,296,4,36,36,1
AA7044K64,296,12,11,11,1
CC1220PR01,296,77,121,121,83
AA6255,297,25,8,10,1
CC5165VD15,298,84,56,58,7
AA4377K34,298,19,11,7,1
AA8912C12,299,7,15,21,1
PAL003M46,299,82,141,41,24
DI001M46,299,99,185,46,47
CC1199K05,299,61,46,31,6
AA4880K05,299,10,7,7,1
AA6672,300,56,10,76,2
AA5029M01,300,21,18,9,1
AA7125K20,300,4,29,29,1
AA2052R54,300,23,24,24,1
AA2018ADUKR01,300,48,28,18,1
AA7040K64,300,8,17,17,1
AA8193FN46,301,6,41,41,1
AA6171C13,301,3,22,22,1
AA4198,301,51,51,4,1
AA6738C07,302,31,16,16,1
AA6085R01,302,83,53,19,5
AA4724LN19,303,51,61,16,1
AA8231J12,303,31,61,61,2
AA0345PN24,304,4,36,36,1
AA6557C07,304,14,11,11,1
AA3886R53,304,26,26,27,3
AA9934,305,71,51,5,4
AA6351R01,305,46,56,56,2
AA8135,305,71,51,5,4
AA6514R20,306,34,23,23,2
AA8620M43,306,11,16,16,1
AA8430K05,306,13,14,10,1
AA9038R82,307,41,14,14,1
AA1222M47,307,133,56,31,23
AA7126K20,308,4,22,22,1
CC1914J05,308,128,86,75,9
AA6527M35,308,25,9,9,1
AA8537C26,309,11,11,11,1
AA8944M46,310,3,26,31,1
AA8404K05,310,8,14,14,1
CC0063J05,310,77,36,36,12
CC2226PR86,310,31,61,61,34
AA1090FN01,310,41,46,46,4
KEE160200,311,27,161,201,38
AA8185FN46,311,29,36,36,2
CC1163JU20,311,75,60,64,8
AA6256,311,25,8,10,1
A844,311,201,68,41,15
AA6155C07,311,12,10,10,1
AA6764J01,311,41,31,4,1
CC5080J03,311,101,55,53,6
AA6149C15,312,12,10,10,1
AA8497C25,312,8,14,13,1
D041VA12,312,77,169,8,21
CC0095L05,312,76,121,76,18
AA9015K01,313,4,22,22,1
AA6461R01,313,34,76,19,3
AA3720PR01,313,5,9,9,1
LH0160R03,313,37,73,73,9
IT0179C83,314,19,9,9,1
LH0154R12,314,29,16,16,1
AA6523R34,314,53,36,22,2
CC6029KY15,315,77,54,56,1
C430L05,316,81,181,101,55
LH0155R03,316,33,19,19,1
D216J12,317,191,91,137,2
CC1081U10,317,100,61,54,11
AB0228C01,317,18,7,7,1
AB0027K86,317,8,9,9,1
CC1220PR05,318,77,121,121,83
AA4798R83,318,183,124,3,10
AA6171C17,318,3,22,22,1
CC0363R33,318,46,41,41,3
AA7126K87,319,4,22,22,1
CC0739M33,320,77,201,101,60
S646F46,321,73,81,69,12
CC5970FN10,321,198,106,106,23
AA6155C15,321,12,10,10,1
AA5561C25,321,25,8,8,1
C657J15,322,88,52,61,7
AA8148K31,322,3,25,25,1
AA6437J03,322,45,31,16,1
AA9037R83,322,47,27,6,1
AA7982J10,322,61,61,6,2
AA4614M87,323,161,55,5,9
CC2146M47,323,32,56,56,5
CC1338M87,323,55,51,46,18
MTM0015,323,57,121,11,4
CC5079J03,324,111,55,57,7
AA8406K05,324,3,25,23,1
CC0754J15,325,96,78,76,14
CC1720M41,326,51,181,44,51
AA6092R01,327,5,41,41,1
S291J15,327,105,87,87,23
AA6172C07,327,3,28,28,1
C361L05,328,81,181,101,55
CC0045R01,328,75,46,46,7
AA4602M87,329,61,61,23,4
AA6172C15,330,3,28,28,1
C083C07,330,76,111,111,37
CC0826VD03,330,79,50,56,7
AA8149K31,330,3,22,22,1
AA7954PR05,331,3,21,36,3
AA8537C28,331,11,11,11,1
C364C07,331,76,143,93,50
AA7779J10,331,29,26,26,1
AA5626M46,331,4,4,31,1
AA0345PN15,331,4,36,36,1
AA1101FN05,331,3,151,151,5
AA8171K03,331,36,21,21,4
CC0834PR33,331,51,51,51,14
AA7863R01,331,32,29,29,2
AA5269R34,333,15,24,24,1
AA2053R54,333,27,15,15,1
AA3720PR24,333,5,9,9,1
S679J14,334,85,107,88,29
AA6752R01,334,144,71,42,47
AA1279M46,334,41,41,4,2
AA7032K05,334,13,21,26,1
AA8538C07,335,17,11,11,1
AA0700M47,336,86,86,14,10
AA7774L05,336,11,121,16,4
S516J33,336,79,78,84,22
AA6339,336,23,26,26,1
AA8537C24,336,11,11,11,1
AA9014K01,336,7,8,8,1
AA7894R83,337,63,32,6,4
2027160200,337,5,161,201,22
AA9020K20,337,9,18,18,1
CC1147M46,337,61,33,33,4
AA4292R25,337,148,59,31,5
Y001L05,338,73,161,44,48
CC2057L05,338,76,181,37,65
AA4723GR02,339,41,61,16,1
AA8120,340,31,41,3,1
C360C07,340,76,201,101,82
CC0826VD15,340,79,50,56,7
A167M47,340,36,81,81,19
AA8408K05,341,7,17,16,1
AA7926M42,341,154,54,3,10
LH0163R85,341,44,28,23,2
AA8645J33,342,81,71,71,4
CC0826PN15,342,79,50,56,7
AA8515C03,342,11,9,9,1
AA3947,342,14,12,12,1
CC0078JQ15,342,75,53,58,9
AA5627M46,343,6,7,31,1
AA1766RF86,344,46,56,36,6
AA0100J80,344,36,51,51,3
AA8395K05,344,8,14,14,1
AA7041K64,345,4,27,27,1
AA5854R53,345,32,31,11,2
AA4610M87,345,55,35,3,3
AA7125K03,345,4,28,28,1
AA6529C13,345,8,13,10,1
AA5255R01,345,36,23,26,1
AA7871R01,345,47,41,21,1
CC1890M46,345,77,201,111,48
DI008M46,346,38,126,71,20
AA8034C87,346,10,9,9,1
RKT008M40,346,52,46,43,18
LH0162R03,347,39,33,28,2
AA9019K20,347,10,12,12,1
AA7922M27,347,21,18,3,1
AA8399K05,347,7,17,16,1
AA6123M87,347,161,46,54,11
AA4995K01,347,3,14,10,1
NR002M01,347,57,142,46,36
C429L05,347,81,201,101,58
AA2746PR03,348,28,28,4,2
CC2091M40,348,87,156,46,65
AA6533C35,348,10,11,11,1
AA1889R84,349,46,37,19,2
AA8624FN46,349,16,59,59,7
AA7039K60,349,11,26,26,2
CC0802M46,350,47,31,31,15
AA7928M46,350,153,54,3,9
AA8517C07,350,13,15,22,1
AB0128,350,51,121,4,2
AA8537C06,350,11,11,11,1
AA8240,351,51,51,4,1
AA5839R53,351,181,31,43,6
AA4303R35,351,22,16,16,1
AA8121,351,41,31,3,1
C768S31,351,87,49,57,5
AA6750R01,353,82,161,42,51
AA6590R82,353,27,23,23,1
AA8011PR01,353,9,11,11,1
AA8405K05,353,4,30,28,1
AA8453C07,353,14,10,10,1
C360M46,354,81,201,101,55
AA6558C07,354,13,11,11,1
AA8172K03,354,26,20,20,3
CC6021M01,355,76,121,121,27
AA4683C27,356,21,17,17,1
S673J14,356,82,105,89,29
AA1462R54,356,91,91,3,7
CC1199K09,356,61,46,31,6
AA1228R12,357,46,26,26,2
AA6688,357,56,10,76,2
AA3885R53,358,27,21,21,2
CC0297LN19,358,74,59,59,7
AA6248C01,359,10,9,9,1
CC1910R01,359,73,161,36,46
S675J03,359,81,181,81,32
CC0692FN06,360,74,56,59,4
AA6151C07,360,13,11,11,1
AA6460R01,360,21,19,19,1
CC0335UE86,360,84,64,68,13
RKT012M40,361,52,113,43,34
CC2157J19,361,69,54,97,5
C361C07,361,76,181,101,74
AA4379K06,361,9,9,5,1
CC1891M46,361,41,121,66,19
S517PN81,362,79,78,84,22
CC2122M46,362,46,51,32,8
AA7785J05,362,11,61,61,6
CC2982L05,362,45,151,37,44
CC1081U10H,363,91,61,54,9
A489R05,363,18,39,39,2
AA8622M43,364,17,12,12,1
AA5586S03,364,5,15,11,1
AA1763RF86,365,87,37,37,7
AA1018M46,365,50,50,5,4
C349C07,365,39,61,61,9
CC1731M46,365,47,137,41,11
AA8294J19,366,3,46,46,1
GE003M33,366,61,41,31,8
AA6250C23,366,13,10,10,1
CC0782R01,367,39,83,56,10
AA8164K86,367,46,40,40,6
CC2157J14,367,69,54,97,5
AA5265R01,368,5,29,29,1
CC2112MV12,369,98,47,48,11
S634F06,369,73,71,63,8
AA6459R01,369,141,23,46,4
AA7925M42,369,153,53,7,10
AA2014R01,369,45,26,22,1
AA6529C26,369,8,13,10,1
CC0395M91,369,61,43,35,11
CC2218PR03,370,75,121,121,86
AA5561C10,370,25,8,8,1
AA4302R35,370,30,19,19,2
AA6538C07,370,3,12,21,1
AA1442M46,370,81,81,5,9
AA8394K05,371,9,18,18,1
A639E05,371,158,51,51,4
AA4293R05,371,51,32,32,3
AA1586J33,372,71,41,4,2
AA6475R01,372,45,81,45,7
AA7989M46,372,81,81,5,6
AA8360C26,373,10,9,9,1
AB0159FN46,373,51,45,45,1
C500L05,373,74,101,101,16
AA7111M46,373,145,79,152,10
S797J33,374,85,75,92,12
AA1091FN01,374,3,151,151,4
AA4379K83,375,9,9,5,1
SN007M47,375,64,41,21,2
S554J36,376,78,181,91,22
AA7932,377,72,52,6,3
AA8821C07,378,11,10,9,1
CC2059L05,378,76,91,37,45
KLF4080,378,16,81,41,1
AA6529C15,378,8,13,10,1
AB0015K03,379,8,17,17,1
AA6251C26,379,12,10,10,1
AA7913J33,379,31,26,26,1
AB0164FN46,380,30,51,51,1
AA7126K12,380,4,22,22,1
AA8903C19,380,10,17,17,2
CC0780R83,381,47,46,64,7
AA8429K05,382,11,11,11,1
AA5079FN46,382,37,56,3,1
RKT011M40,383,52,113,43,33
S737J19,383,81,136,66,16
AA5844R01,383,27,13,23,1
CC1948P10,384,68,46,41,5
AA9012K01,385,12,10,10,1
DI003M46,385,54,166,46,45
AA6480R01,385,46,37,10,3
AA8194FN46,386,6,26,26,1
S516VA81,386,79,78,84,22
LH0017C07,387,9,8,8,1
AA8534C35,388,24,13,13,1
CC1048M33,388,77,181,91,52
CC1934FN46,388,51,151,48,19
AA4983Y12,389,5,12,12,1
SAV006M01,389,91,101,46,54
AA9032R83,389,7,7,191,1
AA2953R35,390,25,11,11,1
AA8907C19,390,27,9,9,1
AA7127K87,391,9,16,16,1
D210,391,11,51,71,1
AA7935PR05,391,4,4,25,1
AA5591Y05,393,3,15,11,1
AA7125K19,393,4,29,29,1
AA5994,393,61,61,5,3
AA6556C07,393,18,11,11,1
C348C07,393,39,91,56,19
AA1670R01,394,14,49,28,1
CC6020M46,395,76,121,121,33
CC0912U11,396,99,48,51,8
AA6437J05,396,45,31,16,1
AA7983J10,396,41,41,6,1
CC1342M87,396,74,121,61,17
AA8487C19,397,10,9,12,1
AA8797FN46,397,47,27,27,2
AA6172C23,397,3,28,28,1
CC1738J12,397,74,134,74,13
AA6159C13,398,12,10,10,1
CC0738M33,398,78,121,121,41
AA6469R83,399,41,14,14,1
AA5263R34,400,5,42,13,1
AA1096FN35,400,44,34,34,3
CC1016J25,400,79,49,50,6
CC1084J19,401,77,61,55,9
AA2016R05,401,13,36,13,2
AA7990M46,401,51,51,5,3
AA9942,401,71,51,6,3
C803R02,403,86,49,54,7
AA7042K64,403,4,22,22,1
AB0154FN46,404,24,44,44,1
MH007L02,404,156,106,41,78
C949C07,405,43,121,71,39
AA0013R01,405,29,31,31,1
CC1976M01,406,52,61,41,24
AA6338,406,24,26,26,1
AA4765R01,406,59,38,9,3
AA7126K03,407,4,22,22,1
AA7127K12,408,9,16,16,1
CC0466VA03,408,42,129,43,14
AA8035C31,408,11,10,10,1
CC1102C01,409,44,61,61,11
AA0746PR01,412,12,9,9,2
AA8275FN46,412,54,46,46,4
Y004L05,414,46,151,44,30
AA6252C12,415,11,10,10,1
C582J12,415,81,48,55,6
CC2027PK81,415,82,55,56,6
S517PN36,415,79,78,84,22
CC3001J01,416,103,49,55,7
AA6258,416,25,8,10,1
AA1238R53,416,18,81,11,2
CC0166M05,417,51,36,36,9
CC0360M46,417,46,41,41,12
CC0826PN81,417,79,50,56,7
CC0826VD14,418,79,50,56,7
CC0380JQ14,418,80,60,72,6
CC2048M46,418,11,56,73,5
AA1460R54,418,94,96,7,3
AA8858C05,418,8,7,7,1
AA0892M46,419,52,161,36,36
AA8166FN46,419,3,61,36,1
AA7125K15,419,4,28,28,1
AA3024R53,420,53,38,38,4
AA2939R06,420,29,27,9,2
CC0441J33,420,46,46,33,3
AA7924M46,420,59,48,3,3
AA8029C19,421,15,15,15,2
LH0002C07,421,28,8,8,1
A730M33,422,21,61,13,2
AA0025C29,422,34,24,24,2
SN006M47,423,66,81,9,7
CC0309UE09,423,117,44,52,8
AA7927S01,424,154,53,6,10
CC5163M43,424,46,161,46,33
AA8397K05,424,3,25,23,1
CC2160M46,425,79,45,48,4
CC2225PR86,426,48,34,34,11
AA8030C05,426,11,10,10,1
LH0004C83,427,24,10,10,1
AA6216LN24,427,3,46,46,1
D215J12,427,141,71,137,2
CC1311L05,428,79,161,101,45
AB0225C05,429,18,7,7,1
AA8463C28,429,12,9,9,1
CC1225JU24,430,82,59,62,7
CC6022M46,430,78,121,121,30
AA8169FN46,431,56,36,36,3
AA8151K26,433,7,14,7,1
AA7912J33,434,43,36,36,2
AA8032C25,434,11,10,10,1
AA8642L05,435,10,81,16,3
CC0826U11,435,79,50,56,7
AA7914J33,436,21,21,21,1
AA1856R05,436,51,31,16,2
AA6969,437,43,31,6,1
LH0003C07,437,26,10,10,1
A435C25,438,34,34,34,4
AA1468R55,438,27,25,29,1
AA6037M46,438,8,64,12,2
CC2194J86,438,84,71,68,5
DI011M46,438,76,201,96,48
C948M40,439,39,121,71,47
AA4028E01,439,192,77,37,15
AA7127K15,439,9,16,16,1
AA8422K05,440,7,16,16,1
AA8497C28,442,8,14,13,1
AA4982Y12,442,12,11,11,1
CC1106C07,443,39,91,91,25
CC5099FN19,444,70,67,62,6
AA7127K20,444,9,16,16,1
AA4289R25,444,22,20,31,2
AA0100J33,444,36,51,51,3
AA6171C23,445,3,22,22,1
AA5593Y05,445,35,10,10,1
AA8013PR01,447,3,13,13,1
AA6336,447,23,19,19,1
CC0699FN01,447,78,57,61,4
CC0466VA12,448,42,129,43,14
AA6257,448,25,8,10,1
AA7885R83,448,65,62,6,1
CC6028KY85,449,77,54,56,1
AA1092FN01,449,31,41,41,2
AA7940PR05,449,3,11,11,2
AA4327R01,449,39,15,24,1
LH0004C07,450,24,10,10,1
A806R03,450,167,75,29,4
AA5970PR03,451,17,32,19,3
CC1310L05,451,79,161,101,45
AA2545R83,452,95,114,4,5
AA7927S05,452,154,53,6,10
AA8553C07,452,27,12,12,1
AA0491J53,452,36,46,46,2
AA2016R01,453,13,36,13,2
AA6457R53,453,44,31,31,2
AA7829PR05,454,29,27,27,10
AA7044K60,454,12,11,11,1
AA6146C17,454,11,9,9,1
AA8173FN46,456,56,35,35,2
AA3156M46,457,191,56,6,5
CC1275C05,457,46,101,51,11
CC0776R01,457,51,41,41,5
AA7944PR05,457,8,42,7,2
AA8149K26,458,3,22,22,1
AA4768R01,459,173,31,26,6
CC1841PR05,459,77,121,121,80
AA8594C07,459,19,23,13,1
C604M05,460,46,91,91,11
AA7892R83,461,101,33,6,6
CC0315UE86,461,88,47,61,7
CC0447M46,462,43,82,82,11
AA5588S03,464,39,11,11,1
AA8911C26,464,7,15,21,1
AA8152K26,464,9,13,13,1
AA8431K05,464,9,16,16,1
AA8144,466,71,51,6,2
AA6736R35,467,7,10,25,1
AA6451R01,467,32,26,26,1
D151FN01,467,121,171,5,4
CC5212J14,468,84,60,56,8
CC1230S03,468,82,57,54,6
CC0297LN15,468,74,59,59,7
AA7960J39,471,23,23,23,1
AA0615,473,81,101,5,2
C183J01,473,51,103,6,1
AA8231J06,473,31,61,61,2
AA8148K26,473,3,25,25,1
CC1936FN46,473,176,91,41,33
A640M46,473,156,58,51,4
AA6468R83,474,31,14,14,1
S576GR39,475,42,91,71,18
CC5079J12,475,111,55,57,7
AB0343K12,476,8,13,11,1
AA8396K05,477,4,30,28,1
CC0968J25,477,85,49,59,7
C943C07,477,41,121,61,33
C429C07,478,76,201,101,82
CC0754J81,478,96,78,76,14
CC1167BG19,478,79,58,57,7
SAV004M01,478,81,166,46,62
AA7930M46,480,182,82,3,16
C575M46,480,42,66,66,10
C805R02,480,105,61,61,16
AA9026K20,480,3,21,21,1
CC0825U10,480,105,46,50,8
AA0980R54,481,48,38,38,5
AA8165K86,481,33,26,26,5
AA7123K87,482,12,10,14,1
LH0171R83,483,26,12,12,1
AA9024K20,483,9,11,11,1
AA4723LN24,483,41,61,16,1
AA6303,484,23,14,14,1
AA6164C23,485,12,9,9,1
AA7936PR05,486,4,4,19,1
AA4281R83,486,45,41,41,7
AA7926M41,487,154,54,3,10
C430C07,487,76,181,101,74
AA6771J39,487,46,36,36,1
AA8428K05,487,11,13,9,1
CC2121M46,487,47,151,33,17
AA7943PR19,487,9,14,14,2
AA8943M46,488,3,21,41,2
AA7124K03,489,7,7,7,1
CC1306R01,489,41,91,46,14
CC0408M43,489,41,35,34,6
AA7126K15,490,4,22,22,1
C408M46,490,81,201,101,55
EA321FN10,491,45,16,16,1
AA8821C15,491,11,10,9,1
AA4831R15,491,43,41,18,1
CC5201M01,491,76,45,46,5
AA1175FN46,491,33,39,39,2
AA9021K20,493,7,8,8,1
CC0757M46,494,45,101,41,10
CC0407M43,495,55,36,36,8
EA272C37,495,141,86,3,17
KLV4070,496,11,71,34,1
CC0608ML03,497,107,71,104,13
AA9036R83,497,5,41,41,1
AA6513R12,498,36,24,19,2
CC1129M46,499,82,148,42,58
AA0345PN81,499,4,36,36,1
AB0010K03,501,3,25,25,1
AA7031K12,502,11,9,9,1
AA6478R01,502,24,38,19,1
CC3001J14,503,103,49,55,7
AA4013PR05,503,15,16,16,2
AA5353R10,503,40,39,39,5
AB0220C01,504,8,7,7,1
AA2250,504,18,13,13,1
CC2195J19,504,84,71,68,5
AA0453R01,507,91,91,6,4
CC0074J05,507,78,64,69,10
AA6170C07,508,11,10,10,1
CC2219PR03,508,75,91,91,61
AB0011K03,509,3,22,22,1
C198M47,511,44,30,30,14
CC1084VD15,511,77,61,55,9
AA7123K12,511,12,10,14,1
AA4766R01,512,161,81,31,5
CC0912U06,512,99,48,51,8
CC0960J03,513,79,49,50,6
AA4821R01,513,101,75,3,5
AA7127K03,513,9,16,16,1
CC0770M41,514,48,46,48,2
AB0061R05,514,189,13,13,1
AA6899C26,515,21,9,9,1
AA4710C24,515,26,14,14,1
AA1261E05,516,19,49,4,2
DI010M46,516,76,161,91,42
AA4603M87,516,11,41,10,1
CC1758VD03,517,97,48,56,7
C435C07,518,76,161,91,74
AA5261R01,518,12,22,22,1
AA5738FN01,519,61,61,4,3
AA6514R34,520,34,23,23,2
AA8573K87,520,8,12,12,1
CC1346M87,521,75,121,121,21
CC2243J86,522,86,69,77,11
AA4724LN24,522,51,61,16,1
S291J81,522,105,87,87,23
CC2223PR05,523,31,53,53,20
AA7920M41,524,33,24,6,1
CC2111MV12,525,98,48,47,11
AA0129J05,526,32,23,25,1
AA8513C28,526,10,9,12,1
CC0092L05,526,76,111,111,23
AA6628PR06,526,9,11,11,1
CC1357C07,527,41,83,83,17
AA6328,527,14,11,11,1
AA0132R05,528,24,34,17,2
CC1347M87,529,75,141,71,17
AA2943R06,531,45,27,27,6
CC0614S05,531,77,57,57,9
AA5836R53,532,61,14,29,3
AA7126K19,532,4,22,22,1
CC0851R01,534,44,103,57,9
AA4465,537,91,61,5,3
CC2147M47,537,51,36,36,3
EA333FN39,537,41,36,16,3
AA3983,537,14,14,14,1
CC1180C07,538,46,131,71,28
CC1230S05,539,82,57,54,6
AA3715PR03,539,3,21,39,3
CC1025J12,540,110,55,55,8
AA5599M46,541,3,21,31,1
AA1565J35,541,36,51,51,3
AA0734M46,543,33,20,20,1
AA7749J35,543,157,106,121,4
AA6689,544,56,10,76,2
AA2260,545,11,5,5,1
CC1937FN46,545,88,111,61,13
CC0471M43,545,66,161,44,62
AA1299R01,546,26,45,16,1
AA8017PR05,546,9,14,14,2
AA1256FN05,546,3,101,101,3
AA3648R01,547,31,91,27,5
CC1216J31,547,85,73,76,5
CC5185S03,548,78,60,54,6
AA7973S05,549,65,31,31,4
CC0966J03,549,85,49,59,7
AA8432K05,550,8,13,13,1
AA8012PR01,550,20,9,9,1
CC1024J12,550,95,55,55,7
AA3708PR35,550,3,21,42,3
AA3884R03,551,31,11,11,2
AA8238,551,111,81,5,3
AA0345PN36,551,4,36,36,1
AA4724LN15,552,51,61,16,1
AA8573K12,552,8,12,12,1
AA6570C07,552,19,9,9,1
AA6337,552,29,21,21,1
CC1909R01,553,51,151,36,30
AA7075PR24,553,3,21,42,3
A487R05,555,55,48,16,1
CC1258M87,555,153,96,45,6
CC0410M43,555,24,66,61,56
AA6494M46,555,3,33,26,1
AA4393K12,556,26,21,21,3
D129M93 160,557,61,175,7,12
AA8024PR01,557,11,9,9,2
CC1124M46,557,57,41,41,17
CC0948JU24,559,83,69,74,22
CC2148M47,559,49,121,41,8
AA3712PR03,559,3,21,37,3
C824E05,560,80,52,59,7
AA4723LN15,561,41,61,16,1
CC0429M05,561,88,54,52,6
AA8125,562,41,41,4,1
AA7123K03,563,12,10,10,1
CC1200K05,564,76,111,31,10
AA7031K19,565,11,9,9,1
AA9027K20,565,9,15,15,1
AA4609M87,565,181,39,34,4
AA6302C03,565,10,9,9,1
AA0463FN46,565,29,51,51,3
AA4378K05,567,12,20,6,1
CC0869M01,569,47,99,38,10
AA1129RF15,569,48,31,22,8
CC1084JU03,569,77,61,55,9
A487R01,571,55,48,16,1
EA003C37,571,91,61,6,10
AA3950,572,20,13,13,1
CC0297BG12,572,74,59,59,7
CC1084JU20,573,77,61,55,9
AA1674R05,573,36,43,21,2
CC1276C05,573,77,111,36,11
CC2212JU03,575,83,57,52,6
AA7061PR05,575,3,41,21,2
AA8361C25,576,23,9,9,1
AA5724FN46,577,54,43,43,3
CC0824U10,579,85,54,57,8
AA3720PR05,579,5,9,9,1
AA7319PR03,580,3,26,35,3
AA1263E05,581,176,41,21,4
CC0934BG15,581,84,60,56,8
AA6522R12,582,143,48,31,4
CC1020J25,583,102,48,49,6
EA331FN39,584,176,56,56,10
CC1152PK03,584,82,51,57,8
AA8036C31,585,23,9,9,1
CC1884AB14,585,77,49,51,5
AA4820R01,586,82,62,5,3
CC1980M42,587,81,50,51,5
CC0379CWQ11,589,98,41,41,6
CC1130M46,591,51,148,39,35
AA9025K20,593,4,28,28,1
CC2221PR01,593,47,36,36,15
CC5076R01,594,36,85,85,10
AA4380K26,594,30,14,14,1
EA323FN39,594,45,16,16,1
C632JQ15,594,84,49,57,6
CC6028KY12,595,77,54,56,1
AA8294J12,595,3,46,46,1
CC1724M46,596,83,52,56,9
AA7287,596,25,19,19,1
SAV007M01,596,51,43,46,17
AA2248,597,15,8,8,1
CC5107R01,599,37,141,61,28
AA6520R53,600,35,34,34,3
AA7123K20,601,12,10,14,1
EA270C37,601,33,91,3,4
AA6907C03,601,21,21,21,2
CC1947P01,604,71,66,77,7
AA8167FN46,604,3,61,41,1
AA7127K19,604,9,16,16,1
AA7758S03,605,17,11,11,1
AA7029K12,605,4,23,23,1
S501J10,605,85,108,92,28
AA6195,606,91,91,4,3
AA8163K86,607,38,34,34,6
SAV002M01,608,51,171,46,45
CC5115J03,609,101,54,54,5
CC2093R81,611,79,47,43,4
CC2093R19,611,79,47,43,4
AA3943FN01,611,28,36,26,2
CC1908R01,611,51,41,36,15
CC1946M46,612,41,81,81,14
AA8028C20,613,10,9,9,1
AA7123K15,615,12,10,10,1
AA8900C19,615,8,7,7,1
AA6616R34,616,33,22,22,1
CC1314S12,617,85,73,76,5
AA6454R53,619,151,31,31,3
AA1255FN14,620,3,101,101,3
AA1104FN46,620,3,151,151,3
AA7919M41,620,21,16,6,1
AA8417K05,620,3,22,22,1
A484R05,621,48,31,16,2
AA1902C37,621,121,61,4,10
CC0610ML03,623,99,77,107,12
CC0401M43,624,47,181,46,30
AA6888C20,626,20,8,8,1
LH0002C83,627,28,8,8,1
CC2228J19,628,78,59,52,6
C338C07,628,39,121,71,21
AA6898C28,628,16,9,9,1
CC5075R01,628,45,61,61,4
AB0061R01,628,189,13,13,1
AA4713C19,629,23,20,20,1
CC1918FN12,630,78,51,52,5
CC1230S81,630,82,57,54,6
CC2093R14,631,79,47,43,4
CC2211BG12,631,83,47,51,7
Y006L05,633,51,41,44,12
C934M14,634,90,44,50,6
LH0003C83,634,26,10,10,1
MH001L02,634,75,163,46,58
CC1949P10,634,87,47,60,5
C875R82,634,41,66,66,4
AA3944FR03,635,47,41,41,5
CC1226M01,636,183,121,46,26
C336C07,639,51,51,51,5
CC0826PN36,639,79,50,56,7
AA7125K33,640,4,28,28,1
CC0252VD03,640,84,47,61,7
CC1221S05,640,108,50,50,5
CC2090M40,640,87,201,46,77
AA3706PR60,640,3,26,26,2
CC1944M46,642,31,26,21,3
AA8507C25,642,13,10,10,1
CC2213PK15,642,83,54,58,6
AA6485R01,642,11,42,6,1
CC1758VD15,643,97,48,56,7
AA7042K60,644,4,22,22,1
AA4473,644,41,41,6,2
AA2973C15,644,26,21,21,2
CC6021M46,646,76,121,121,33
AA7029K19,648,4,23,23,1
CC1933FN46,648,56,41,31,6
A436C25,650,37,22,22,2
CC2243J19,650,86,69,77,11
AA8551C07,650,18,9,9,1
S736J86,651,81,75,66,10
MH004L02,651,50,121,46,28
CC0429M46,652,88,54,52,6
AA8416K05,652,4,27,27,1
CC2192J86,652,86,56,51,6
CC1947P10,653,71,66,77,7
CC3001J33,654,103,49,55,7
AA4326R01,656,61,15,21,2
CC0934BG81,656,84,60,56,8
C975U01,656,83,49,57,6
AA6886C10,657,23,8,8,1
CC2168M46,657,86,58,58,9
AA6143C07,658,11,10,10,1
AA6122M87,658,76,17,17,1
AA0345VE02,661,4,36,36,1
CC0524M46,661,76,121,61,25
A806R05,662,167,75,29,4
CC1753VD03,662,85,52,63,7
AA7064PR05,662,9,6,6,1
S501J15,664,85,108,92,28
CC1942M01,665,49,51,51,9
AA7028K12,665,4,28,28,1
AA7957PR05,665,3,11,11,2
CC0078JQ03,665,75,53,58,9
S555J36,666,78,101,91,12
AA4230,668,9,6,6,1
AA6627PR06,671,11,14,14,1
AA8821C29,672,11,10,9,1
CC1753VD15,673,85,52,63,7
AA3821R23,673,26,11,11,1
CC1274C05,674,50,51,51,7
AA9038R83,675,41,14,14,1
AA5618M46,676,4,34,34,1
AA4233,676,14,11,11,1
CC0297LN24,677,74,59,59,7
CC0803M46,677,47,31,31,17
CC5201M46,678,76,45,46,5
CC2094J86,678,76,61,74,4
CC1149PK15,678,82,52,59,6
AA6206M12,679,166,89,3,22
AA0345VE06,682,4,36,36,1
CC0801M46,683,47,31,31,9
GE005M33,684,51,121,41,18
KLF4070,684,16,71,41,1
AA4474,685,41,41,6,2
A783E01,685,158,51,51,4
LH0005C07,686,12,10,10,1
CC0253BG19,686,88,61,61,8
AA1264E05,687,161,56,31,7
AA7041K60,687,4,27,27,1
AA5695,687,161,91,91,1
AA6332,687,17,13,13,1
AA1335M43,688,36,36,6,4
AA7950PR05,688,3,21,21,1
S733J03,690,61,198,76,25
C631JQ15,691,82,63,62,6
AA4588M01,692,52,51,39,11
CC0579R02,694,79,51,44,5
CC3000J01,694,76,56,53,6
AA4300R35,694,172,104,39,8
AA3709PR35,695,3,16,31,2
AA6051K12,698,11,12,12,1
CC2221PR05,699,47,36,36,15
AA7773L05,700,45,54,37,21
AA7955PR05,700,3,22,37,2
CC1945M01,700,41,81,81,14
AA5598M46,701,3,16,51,1
CC5080J12,704,101,55,53,6
AA7126K33,709,4,22,22,1
AA7124K15,710,7,7,7,1
AA1770RF03,710,56,26,26,8
AA8573K20,711,8,12,12,1
AA8281S05,711,156,36,36,6
AA1176FN46,711,31,39,39,2
AA2018R01,712,48,28,18,1
CC5162M43,715,78,181,91,69
AA6241C27,717,10,9,9,1
AA8026C10,717,11,10,10,1
CC6020M05,720,76,121,121,33
CC5078J86,721,84,58,57,5
CC2093R15,722,79,47,43,4
AA2526E05,723,171,61,61,4
CC5078J03,723,84,58,57,5
MH002L02,725,59,163,46,42
CC1200K09,726,76,111,31,10
C478F11,728,79,75,96,10
CC5185S10,728,78,60,54,6
AA0634R05,728,58,21,36,1
CC2027PK03,728,82,55,56,6
CC1011J32,729,81,57,61,5
CC0379CWQ02,729,98,41,41,6
AA2019R01,730,153,41,17,3
AA5961C34,731,16,16,16,1
LH0159R01,731,47,46,46,6
CC2109MV12,732,84,48,52,10
AA7956PR05,732,3,17,31,2
AA6516R01,733,28,9,9,1
CC0766M46,734,56,51,31,5
AA9012K26,734,12,10,10,1
AA1451R53,736,81,81,3,7
CC1152PK15,736,82,51,57,8
AA0631J05,736,45,16,25,1
506209TRA,736,46,61,61,22
AA4606M87,736,164,38,34,3
AA3707PR60,737,3,21,42,3
AA8178K03,739,33,19,19,3
A482J05,741,187,83,41,6
CC0741L05,742,46,66,66,12
AA2386R01,743,25,21,37,1
AA5585S03,743,12,14,6,1
AA7929M42,744,181,81,7,17
AA7123K19,744,12,10,14,1
A484R03,746,48,31,16,2
C840S15,746,83,58,55,6
J001C07,746,77,126,41,33
CC5116J03,747,89,54,54,4
CC1162PK03,747,75,60,64,8
AA8022PR01,747,19,9,9,2
AA9013K26,749,9,18,18,1
C535C07,751,77,126,71,57
AA2020R01,752,11,11,28,1
CC1882AB03,752,77,49,51,5
AA5637M46,753,81,171,51,65
AA5638M46,753,57,161,44,40
AA6247C05,753,12,10,10,1
CC0912U06H,754,90,48,51,8
AA6329,754,30,36,36,1
C605C07,756,46,91,91,15
CC3003KY12,759,84,49,54,7
AA7949PR05,759,3,31,21,2
D051M93,759,136,175,7,24
CC1221S12,761,108,50,50,5
CC0470M43,761,86,149,44,71
AA6622M46,761,27,15,15,1
A436C10,762,37,22,22,2
AA3996,762,11,11,11,1
CC0741C07,763,46,66,66,12
AA7758S29,765,17,11,11,1
AA9014K26,767,7,8,8,1
CC1235R01,768,169,81,32,26
AA0514FN46,772,46,51,51,3
AA2940R53,773,26,26,13,2
C824E01,775,80,52,59,7
AA0132R01,777,24,34,17,2
AA6331,778,37,19,19,1
AA3972,779,24,16,16,1
AA9016K26,780,4,30,30,1
CC0749UE11,780,93,45,48,5
AA2983R06,781,61,59,16,2
A489R01,783,18,39,39,2
C409C07,783,76,181,101,74
C632JQ81,783,84,49,57,6
S736J19,783,81,75,66,10
AA1130RF15,785,32,21,16,4
AA8031C05,786,23,9,9,1
AA7939PR05,786,3,11,11,2
AA1209FN05,789,28,36,26,2
CC2092M40,790,58,201,36,34
CC1232R01,791,81,101,36,10
CC1011J15,792,81,57,61,5
AA7929M46,795,181,81,7,17
AA6499M46,796,3,21,21,1
AA8362C07,799,25,7,7,1
CC2025J01,804,82,61,50,9
AA8909C19,804,18,7,7,1
CC1018J25,805,89,47,51,5
AA0894M46,805,41,135,62,21
AA9028K20,808,9,13,13,1
AA6245C31,809,10,9,9,1
AA8044PR05,809,9,11,11,1
AA8317FN46,809,56,36,36,3
CC0826U06,810,79,50,56,7
AA3957,811,16,10,12,1
AA8177K03,811,23,21,21,2
AA9015K26,812,4,22,22,1
AA3219RF03,813,39,41,41,6
CC0252VD15,813,84,47,61,7
CC0948J02,816,83,69,74,22
CC0224CWQ11,817,87,49,57,6
AA6053K12,819,9,18,18,1
EA326FN39,821,43,36,16,3
S501J14,821,85,108,92,28
C596M05,823,57,41,41,4
CC1155UE02,823,85,59,63,9
CC2058L05,825,45,201,37,56
CC0531L05,827,76,136,136,45
AA5086FN46,828,82,82,4,2
CC0912U10,828,99,48,51,8
AA0345VE14,835,4,36,36,1
AA5609M46,835,3,8,51,1
CC0429M01,837,88,54,52,6
AA5700,839,18,15,15,1
C352C05,841,51,51,51,5
AA0733M46,842,9,14,14,1
CC1979M33,844,81,50,51,5
AA5587S03,846,19,10,7,1
CC0219M05,846,78,54,55,6
CC0077JQ15,849,81,55,58,9
CC1131M46,850,56,41,36,19
CC0254UE85,850,108,50,54,7
AA1102FN05,855,36,51,51,3
CC5195S14,855,81,55,50,6
AA0600C07,855,19,17,17,1
CC5118K05,857,77,91,91,28
AA5359R53,857,53,47,29,4
C415M33,857,89,51,53,5
C596M03,858,57,41,41,4
AA5600M46,859,3,33,26,1
AA8101,859,18,14,14,1
AA4701C67,864,21,9,9,1
AA7038K05,865,12,11,11,1
CC5184S10,865,79,48,54,5
GE001M33,866,62,41,31,10
AA8554C07,867,11,9,9,1
AA7938PR05,868,3,37,12,1
AA6484R01,868,41,53,6,3
AA4283R60,868,47,34,34,3
CC1155JU24,870,85,59,63,9
AA4694C07,872,23,9,9,1
AA6538C35,872,21,3,12,1
CC1149PK81,872,82,52,59,6
AA4912,872,91,61,5,3
C576M46,873,45,31,31,4
C632JQ14,875,84,49,57,6
CC2108MV12,876,84,48,52,10
AA0131R01,877,81,81,59,2
AA0600C25,877,19,17,17,1
CC0988R01,877,49,39,39,5
AA3953,877,11,9,9,1
CC1351C07,879,77,120,120,39
AA6628PR05,879,9,11,11,1
AA4712C19,879,17,9,9,1
AA6492PR06,880,3,31,23,1
AA7032K01,881,13,21,26,1
AA7033K05,882,9,14,18,1
AA1102FN35,882,36,51,51,3
C975U03,884,83,49,57,6
AA4462,885,121,51,6,4
AA4279C37,885,81,81,4,9
AA3016R53,887,46,39,39,4
CC0783R01,888,56,46,26,4
AA6045K12,888,4,30,30,1
AA7926M46,889,154,54,3,10
CC5212KY15,889,84,60,56,8
CC0091L05,891,76,91,91,18
C437C07,892,76,161,91,74
CC0986PK15,892,90,50,57,7
A435C07,893,34,34,34,4
LH0005C83,893,11,10,10,1
AA7968S05,895,34,35,31,2
CC2193J19,897,86,56,51,6
AA5610M46,897,3,16,51,1
AA8010PR05,897,3,13,13,1
AA2387R01,899,34,21,87,1
CC1837C15,900,44,85,85,17
AA8573K19,900,8,12,12,1
CC0948J03,900,83,69,74,22
COJ4060,901,11,41,61,1
AA8009PR05,901,20,9,9,1
AA0345VE12,901,4,36,36,1
AA1099FN14,902,3,151,151,5
CC1344AB15,903,78,49,51,5
AA4693C07,903,18,13,13,1
CC1155UE19,905,85,59,63,9
AA7891R01,909,82,81,3,9
AA2249,909,13,9,9,1
AA8100,913,13,9,9,1
AA2546R01,914,41,41,4,3
CC5212J33,917,84,60,56,8
CC1230S01,919,82,57,54,6
AA2020R05,920,11,11,28,1
CC0934LN15,923,84,60,56,7
AA3722PR35,925,3,11,11,2
CC0297J25,926,74,59,59,7
CC0711R01,927,76,76,76,20
A436C07,927,37,22,22,2
AA6627PR05,928,11,14,14,1
CC0948JU20,929,83,69,74,22
CC1084U10,930,77,61,55,9
AA3882R01,932,38,9,9,2
CC0400M43,933,78,201,96,65
AA0345VE81,934,4,36,36,1
AA6047K12,934,8,21,24,1
CC1739J12,939,74,71,74,9
D153FN46,940,121,171,5,5
AA1126M46,940,29,29,5,2
AA3721PR35,944,3,21,21,2
AA4371K05,945,24,19,14,1
CC0720S01,950,86,57,56,5
PS25M46,953,26,6,6,2
CC1225JU03,955,82,59,62,7
AA6326,964,20,11,11,1
CC5115J11,964,101,54,54,5
CC0235J26,966,96,83,73,12
CC0839S01,969,79,47,51,4
CC1155UE85,971,85,59,63,9
AA0124J05,972,33,16,16,1
AA4445,976,91,61,5,3
AA7124K33,984,7,7,7,1
CC5184S01,986,79,48,54,5
CC0276J14,994,102,48,49,6
AA8019PR05,995,31,16,16,2
AA0134PR33,996,54,42,42,11
CC0312UE09,997,93,43,53,7
AA8020PR01,998,9,11,11,2
AA8023PR01,1000,4,10,15,1
CC0276J15,1003,102,48,49,6
CC0255J81,1004,80,53,59,7
AA4177R01,1005,54,31,31,6
AA7952PR05,1007,3,11,11,1
CC0577R02,1008,81,52,58,7
AA1308J05,1010,27,14,14,1
AA1101FN35,1011,3,151,151,5
CC0707R01,1012,34,71,71,11
CC0738C07,1013,78,121,121,31
AA5681,1015,16,8,8,1
AA4005,1015,15,15,15,1
AA5849R01,1015,28,16,16,1
CC2213JU19,1016,83,54,58,6
CC1956M46,1017,47,101,33,10
CC5212KY19,1021,84,60,56,8
CC1216J01,1022,85,73,76,5
CC1084VD14,1024,77,61,55,9
AA1299R05,1024,26,45,16,1
CC1225JU80,1026,82,59,62,7
CC0255J03,1033,80,53,59,7
AA5268R01,1035,10,24,14,1
CC2177M46,1036,69,41,43,4
AA5596M46,1040,3,21,51,1
CC2138M47,1042,69,66,76,6
EA278C37,1042,51,51,4,4
AA7036K05,1042,4,22,24,1
CC1103PR05,1046,72,44,44,9
AA3960,1050,12,21,21,1
AA8513C30,1050,10,9,12,1
CC1019J03,1050,102,48,49,6
C769U05,1050,98,40,41,5
CC5185S05,1053,78,60,54,6
AA5674,1053,26,17,17,1
AA4391K09,1057,27,15,8,1
AA6044K12,1058,4,22,22,1
CC1872M41,1060,76,181,111,30
AA5688,1061,131,61,61,1
C838R33,1065,71,177,81,25
CC0986PK03,1067,90,50,57,7
AA8244,1071,43,33,6,1
C595M05,1073,47,47,47,3
CC5184S03,1073,79,48,54,5
AA1210FN46,1073,28,36,26,2
AA6304,1090,14,19,19,1
AA6549C07,1091,11,10,10,1
CC0309UE86,1092,117,44,52,8
CC0934LN19,1094,84,60,56,7
CC0912U10H,1097,90,48,51,8
AA7035K05,1098,4,27,29,1
AA8548C07,1099,11,10,10,1
C369C07,1100,39,91,91,28
CC1178M01,1101,90,99,47,11
CC0253BG12,1102,88,61,57,8
AA7062PR05,1106,3,11,11,1
CC5224J12,1108,80,57,56,5
CC5116J11,1113,89,54,54,4
C418C07,1114,79,181,91,66
CC0832PR03,1114,41,56,56,23
AA6455R53,1114,29,14,14,1
CC2096J12,1115,74,67,81,10
AA4702C35,1116,31,16,16,1
C337C03,1118,39,121,71,21
AA6879R03,1124,19,14,6,1
C639J15,1126,81,55,58,8
C190M47,1131,36,36,36,23
MTM0103,1135,6,81,11,1
AA4103R01,1137,12,23,40,1
C408C07,1140,76,201,101,82
AA7897R83,1141,152,56,4,14
CC0525M46,1143,76,121,66,25
AA1662R35,1145,105,55,4,3
MTM0104,1150,6,81,11,1
CC2977E01,1151,80,46,59,6
CC0077JQ81,1156,81,55,58,9
AA4103R05,1157,12,23,40,1
CC1019J20,1158,102,48,49,6
CC5185S01,1161,78,60,54,6
CC2095S12,1162,75,66,81,10
CC1221S31,1165,108,50,50,5
C423M01,1168,89,51,53,5
CC1987LN15,1174,80,55,56,7
A491J05,1180,43,21,16,1
CC0623M47,1194,49,51,51,8
AA1097FN05,1196,41,46,46,3
AA0600C10,1201,19,17,17,1
CC0219M01,1204,78,54,55,6
AA4372K05,1205,19,17,13,1
CC1838C15,1205,77,121,121,35
AA4381K01,1209,33,11,11,2
A784E05,1212,176,34,34,4
AA1669R35,1213,96,54,3,3
CC1155JU80,1223,85,59,63,9
AA4809M09,1225,43,52,17,2
CC1155JU25,1228,85,59,63,9
CC2167M46,1231,86,57,58,7
AA3049R01,1236,56,56,13,2
AA2054R53,1237,27,16,16,1
AA2749M41,1237,171,48,48,4
CC0248VD03,1241,83,52,60,7
CC0836R02,1242,77,46,46,4
AA4373K24,1243,22,15,11,1
AA6512R12,1244,43,21,21,4
CC0077JQ03,1247,81,55,58,9
AA5083FN46,1247,61,61,4,1
CC0954M43,1249,78,161,91,68
C631JQ14,1252,82,63,62,6
CC2977E05,1259,80,46,59,6
CC2025J14,1268,82,61,50,9
C473L05,1271,76,121,121,45
CC1149PK03,1272,82,52,59,6
AA7123K33,1275,12,10,10,1
AA7920M46,1276,33,24,6,1
AA1256FN35,1276,3,101,101,3
AA2262,1280,12,7,7,1
AA8019PR01,1280,31,16,16,2
C639J14,1286,81,55,58,8
CC2094J12,1290,76,61,74,4
C417M01,1290,89,51,53,5
CC0436J33,1292,83,64,60,8
AA3995,1307,19,16,16,1
C436C07,1308,76,161,91,74
CC0871M46,1320,92,116,61,16
CC0826U10,1322,79,50,56,7
CC0079JQ15,1329,89,49,57,7
CC2211MN15,1331,83,47,51,7
506009TRA,1338,46,51,51,29
CC0297VD15,1340,74,59,59,7
AA6053K26,1348,9,18,18,1
CC0254UE02,1352,108,50,54,7
AA7965S03,1355,29,14,14,1
AA8246,1356,43,33,6,1
CC0934LN24,1359,84,60,56,7
CC3000J33,1362,76,56,53,6
AA4703C35,1364,22,17,17,1
CC0047M05,1367,41,36,36,8
CC0297VD03,1370,74,59,59,7
CC0222U05,1371,99,45,45,5
CC0224CWQ02,1371,87,49,57,6
CC0079JQ81,1374,89,49,57,7
CC1986AB15,1378,79,62,59,7
AA7925M46,1381,153,53,7,10
CC5116J01,1391,89,54,54,4
AA6490M46,1395,3,31,16,1
CC1987LN24,1397,80,55,56,7
CC0884M46,1398,173,57,33,15
CC5115J01,1406,101,54,54,5
CC1987PN15,1406,80,55,56,7
CC5184S05,1407,79,48,54,5
CC3000J14,1409,76,56,53,6
C934M05,1409,90,44,50,6
CC1972PR01,1410,76,71,71,18
AA5689,1412,151,61,61,1
CC2228J11,1414,78,59,52,6
AA3723PR35,1421,3,11,11,1
AA7919M46,1423,21,16,6,1
C975U05,1425,83,49,57,6
CC0838R02,1431,104,42,52,8
AA1098FN05,1434,31,41,41,2
C626U38,1440,88,52,61,7
COJ5050,1441,11,51,51,1
CC0469M43,1441,56,41,36,20
CC1173J03,1449,76,53,50,5
AA3045M01,1451,181,75,43,11
CC0635UE85,1463,83,54,61,7
C613M46,1463,77,121,61,15
CC1939M01,1464,79,121,121,35
CC0297J06,1465,74,59,59,7
AA4723GR39,1469,41,61,16,1
CC5078J12,1470,84,58,57,5
C039U05,1471,92,46,56,5
CC0248VD15,1479,83,52,60,7
AA4000,1480,22,15,15,1
CC1344AB12,1490,78,49,51,5
CC1350C07,1494,77,120,120,39
CC1987GR02,1501,80,55,56,7
CC0636UE02,1507,83,54,61,7
CC0614S07,1510,77,57,57,9
AA4907,1523,91,61,5,3
CC1987PN81,1528,80,55,56,7
AA5693,1528,171,101,101,1
CC1986AB14,1541,79,62,59,7
CC0276J81,1545,102,48,49,6
CC0635UE02,1552,83,54,61,7
AA6456R53,1555,14,14,17,1
CC0304UE09,1562,87,48,53,7
AA7038K01,1574,12,11,11,1
CC1107M46,1574,77,121,61,15
AA6047K26,1575,8,21,24,1
CC0855J25,1591,80,50,53,6
CC1223S12,1592,81,61,56,5
AA2548R83,1594,61,61,4,5
AA4016K20,1606,38,37,37,5
AA6325,1606,15,13,13,1
C626J15,1612,88,52,61,7
CC0252UE85,1628,84,47,61,7
AA6617R12,1630,24,22,22,1
C631J35,1632,82,63,62,7
CC0934PN14,1636,84,60,56,7
C639U38,1640,81,55,58,8
CC0234J26,1649,82,63,62,7
CC5158R01,1665,56,49,49,6
CC1221S02,1666,108,50,50,5
CC0637UE85,1668,96,51,54,7
C039U01,1668,92,46,56,5
C626J14,1680,88,52,61,7
C837R33,1699,71,87,81,14
CC2034J01,1708,79,57,51,6
CC0636UE85,1712,83,54,61,7
C039U38,1716,92,46,56,5
CC2025J33,1725,82,61,50,9
CC1221S05H,1731,98,50,50,5
AA3979,1731,20,20,20,1
CC0046M93,1746,43,41,41,6
AA5720FN46,1761,73,73,4,3
CC5160R19,1775,50,41,41,6
AA6051K26,1808,11,12,12,1
AA7033K01,1820,9,14,18,1
AA4724GR39,1820,51,61,16,1
CC0253VD03,1829,88,61,61,8
CC0073FN46,1834,81,61,53,6
CC0219M46,1847,78,54,55,6
CC0934PN81,1855,84,60,56,7
CC1223S31,1863,81,61,56,5
AA6246C05,1891,27,10,10,1
AA6045K26,1902,4,30,30,1
CC1223S05,1909,81,61,56,5
C039U03,1910,92,46,56,5
CC0276J14H,1919,92,48,49,6
CC1221S31H,1938,98,50,50,5
CC0764M41,1946,52,47,47,5
CC1011J12,1946,81,57,61,5
AA6053K27,1951,9,18,18,1
CC0831PR01,1961,51,41,41,12
AA6051K27,1961,11,12,12,1
AA3053R01,1974,184,51,43,3
CC1104PR05,1977,47,81,81,25
AA6618R12,2004,9,15,15,1
CC0717S01,2004,81,57,66,5
AA6044K26,2015,4,22,22,1
AA1598R01,2028,21,41,17,1
CC1221S12H,2048,98,50,50,5
CC0312UE86,2056,93,43,53,7
CC0555J86,2069,79,57,51,6
CC2234J86,2076,74,59,48,6
CC2098J12,2095,74,61,65,7
CC0304UE86,2110,87,48,53,7
CC2189J86,2116,80,57,56,5
CC2211MN14,2121,83,47,51,7
CC5195S12,2138,81,55,50,6
C631S05,2140,82,63,62,6
CC0276J81H,2161,92,48,49,6
AA7036K01,2168,4,22,24,1
CC0855J20,2202,80,50,53,6
CC0222U05A,2211,89,45,45,4
CC0248UE86,2229,83,52,60,7
CC1883AB15,2233,77,49,51,5
C934M01,2235,90,44,50,6
C370C07,2241,36,81,81,28
CC2034CP46,2244,79,57,51,6
AA7035K01,2245,4,27,29,1
CC0934BG12,2275,84,60,56,8
CC5212KY12,2290,84,60,56,8
CC1223S02,2305,81,61,56,5
C768S03,2312,87,49,57,5
CC0811FN03,2328,84,49,59,5
CC1745S31,2332,81,53,58,6
CC0855J19,2338,80,50,53,6
EC005S01,2360,84,49,57,6
CC5106J46,2382,79,57,51,6
C371C07,2398,36,111,61,29
C769U05H,2413,88,40,41,5
C536C07,2416,36,111,56,36
CC0276J15H,2418,92,48,49,6
AA3645R01,2426,37,40,22,4
AA7964S05,2439,29,18,18,1
CC1807PK15,2441,99,55,54,6
CC0934J06,2444,84,60,56,7
CC2232J19,2448,74,59,48,6
CC5195S31,2452,81,55,50,6
CC1222S12,2453,83,47,59,5
CC1222S05,2474,83,47,59,5
CC1017J20,2475,89,47,51,5
CC0622M47,2501,79,121,121,37
C489L05,2532,81,50,56,6
CC1807PK03,2541,99,55,54,6
CC0253VD15,2558,88,61,61,8
CC1155JU03,2568,85,59,63,9
CC0717S12,2584,81,57,66,5
AA4825R01,2615,91,94,3,9
AA6044K27,2633,4,22,22,1
C416M46,2638,89,51,53,5
AA6045K27,2661,4,30,30,1
CC5196S12,2669,81,60,56,6
CC1745S12,2685,81,53,58,6
AA0634R01,2743,58,21,36,1
COJ45,2760,11,46,46,1
CC1154PK81,2764,87,51,63,9
C934M46,2774,90,44,50,6
CC1017J03,2783,89,47,51,5
CC1167PK81,2873,79,58,57,7
CC0253UE19,2902,88,61,61,8
C351C01,2963,51,51,51,5
AA4389K01,2992,20,20,8,1
CC1807PK81,3005,99,55,54,6
AA0624,3024,28,16,16,1
CC0079JQ03,3147,89,49,57,7
CC1222S02,3150,83,47,59,5
CC0934J03,3165,84,60,56,7
CC1167PK15,3187,79,58,57,7
CC0252UE02,3200,84,47,61,7
CC0637UE02,3241,96,51,54,7
CC0273J14,3298,89,47,51,5
CC0854J15,3302,80,50,53,6
CC1222S31,3310,83,47,59,5
CC0984J05,3327,74,59,59,7
CC5195S01,3416,81,55,50,6
PTX25R15,3478,26,6,6,1
CC2211MN12,3515,83,47,51,7
CC1051R83,3523,51,40,40,4
CC1221S02H,3570,98,50,50,5
CC0273J15,3679,89,47,51,5
CC0502S03,3725,88,50,54,5
AA2547R83,3731,101,31,4,5
C768S05,3752,87,49,57,5
P087,3800,51,41,16,1
CC0248UE85,3816,83,52,60,7
CC1154PK03,3899,87,51,63,9
CC1059M46,3915,75,69,81,8
CC5196S01,3932,81,60,56,6
CC5117J03,4001,80,57,56,5
CC0934PK26,4052,84,60,56,7
CC0273J81,4082,89,47,51,5
CC1804PK81,4429,80,52,53,5
CC0253UE85,4455,88,61,61,8
CC0720S12,4460,86,57,56,5
CC0901J01,4484,85,50,60,3
CC1745S02,4500,81,53,58,6
CC2190J19,4550,80,57,56,5
CC0901J11,4635,85,50,60,3
506109TRA,4637,39,111,51,23
CC1804PK15,4664,80,52,53,5
COJ6060,4843,11,61,61,1
CC1804PK03,4883,80,52,53,5
CC1167PK03,4886,79,58,57,7
CC1154PK15,4967,87,51,63,9
CC0502S05,5102,88,50,54,5
P086,5200,45,35,10,1
CC0934PK81,5222,84,60,56,7
CC0248UE02,5311,83,52,60,7
EC005S14,5444,84,49,57,6
C768S01,5570,87,49,57,5
CC0555S15,5903,79,57,51,6
CC0253UE02,6173,88,61,61,8
CC0502S01,7154,88,50,54,5
P293,7350,14,3,8,1
CC0555S12,7696,79,57,51,6
CC0934PK15,8234,84,60,56,7
CC5117J01,8389,80,57,56,5
EC005S05,10351,84,49,57,6
P085,12200,34,30,9,1
P083,12780,51,45,16,1
COJ3050,13709,11,31,51,1
CC0934PK03,15122,84,60,56,7
P082,24620,51,45,16,1
COJ4545,35347,11,46,46,1
P081,46940,33,26,11,1
